stage,duplicate_key_column,record_id,paper_id,source_project,issue_url,title
stage1,record_id,fse2021_an_exploratory_study_of_autopilot:f0dc635110e5ff34,fse2021_an_exploratory_study_of_autopilot,PX4,https://github.com/PX4/Firmware/issues/3264,https://github.com/PX4/Firmware/issues/3264
stage1,record_id,fse2021_an_exploratory_study_of_autopilot:f0dc635110e5ff34,fse2021_an_exploratory_study_of_autopilot,PX4,https://github.com/PX4/Firmware/issues/3264,https://github.com/PX4/Firmware/issues/3264
stage1,record_id,fse2021_an_exploratory_study_of_autopilot:759eb0916ead23d8,fse2021_an_exploratory_study_of_autopilot,PX4,https://github.com/PX4/Firmware/issues/7696,https://github.com/PX4/Firmware/issues/7696
stage1,record_id,fse2021_an_exploratory_study_of_autopilot:759eb0916ead23d8,fse2021_an_exploratory_study_of_autopilot,PX4,https://github.com/PX4/Firmware/issues/7696,https://github.com/PX4/Firmware/issues/7696
stage1,record_id,icse2021_iot_bugs_and_development_challenges:258588536809d7d3,icse2021_iot_bugs_and_development_challenges,iot_projects,https://github.com/freedomotic/freedomotic/issues/117,Jfrontend: only images in resources folder are set as background
stage1,record_id,icse2021_iot_bugs_and_development_challenges:258588536809d7d3,icse2021_iot_bugs_and_development_challenges,iot_projects,https://github.com/freedomotic/freedomotic/issues/117,Jfrontend: only images in resources folder are set as background
stage1,record_id,icse2021_iot_bugs_and_development_challenges:3fe6c05c007c4cb9,icse2021_iot_bugs_and_development_challenges,iot_projects,https://github.com/freedomotic/freedomotic/issues/118,ActiveMQ error message at shutdown
stage1,record_id,icse2021_iot_bugs_and_development_challenges:3fe6c05c007c4cb9,icse2021_iot_bugs_and_development_challenges,iot_projects,https://github.com/freedomotic/freedomotic/issues/118,ActiveMQ error message at shutdown
stage1,record_id,icse2021_iot_bugs_and_development_challenges:dffefe5bea535cfc,icse2021_iot_bugs_and_development_challenges,iot_projects,https://github.com/freedomotic/freedomotic/issues/121,RestApi v3 - websocket endpoints not working
stage1,record_id,icse2021_iot_bugs_and_development_challenges:dffefe5bea535cfc,icse2021_iot_bugs_and_development_challenges,iot_projects,https://github.com/freedomotic/freedomotic/issues/121,RestApi v3 - websocket endpoints not working
stage1,record_id,icse2021_iot_bugs_and_development_challenges:cf1e90a5a3982aa5,icse2021_iot_bugs_and_development_challenges,iot_projects,https://github.com/freedomotic/freedomotic/issues/123,"RestAPI v3 -  ""/rooms"" not working"
stage1,record_id,icse2021_iot_bugs_and_development_challenges:cf1e90a5a3982aa5,icse2021_iot_bugs_and_development_challenges,iot_projects,https://github.com/freedomotic/freedomotic/issues/123,"RestAPI v3 -  ""/rooms"" not working"
stage1,record_id,icse2021_iot_bugs_and_development_challenges:cf87e4209d3f52ca,icse2021_iot_bugs_and_development_challenges,iot_projects,https://github.com/freedomotic/freedomotic/issues/147,log4j errors at startup
stage1,record_id,icse2021_iot_bugs_and_development_challenges:cf87e4209d3f52ca,icse2021_iot_bugs_and_development_challenges,iot_projects,https://github.com/freedomotic/freedomotic/issues/147,log4j errors at startup
stage1,record_id,icse2021_iot_bugs_and_development_challenges:12a29ee65759c1c2,icse2021_iot_bugs_and_development_challenges,iot_projects,https://github.com/freedomotic/freedomotic/issues/155,Zone/Room UUID not assigned when a new environment is created
stage1,record_id,icse2021_iot_bugs_and_development_challenges:12a29ee65759c1c2,icse2021_iot_bugs_and_development_challenges,iot_projects,https://github.com/freedomotic/freedomotic/issues/155,Zone/Room UUID not assigned when a new environment is created
stage1,record_id,icse2021_iot_bugs_and_development_challenges:9ce6d0fe8469ae62,icse2021_iot_bugs_and_development_challenges,iot_projects,https://github.com/freedomotic/freedomotic/issues/167,PropertiesConverter doesn't deal with tuples
stage1,record_id,icse2021_iot_bugs_and_development_challenges:9ce6d0fe8469ae62,icse2021_iot_bugs_and_development_challenges,iot_projects,https://github.com/freedomotic/freedomotic/issues/167,PropertiesConverter doesn't deal with tuples
stage1,record_id,icse2021_iot_bugs_and_development_challenges:fa34142bd9114819,icse2021_iot_bugs_and_development_challenges,iot_projects,https://github.com/freedomotic/freedomotic/issues/168,"Test ""testNoSimilarCommand()"" fails"
stage1,record_id,icse2021_iot_bugs_and_development_challenges:fa34142bd9114819,icse2021_iot_bugs_and_development_challenges,iot_projects,https://github.com/freedomotic/freedomotic/issues/168,"Test ""testNoSimilarCommand()"" fails"
stage1,record_id,icse2021_iot_bugs_and_development_challenges:39b23cdc564efc37,icse2021_iot_bugs_and_development_challenges,iot_projects,https://github.com/freedomotic/freedomotic/issues/171,Return a sorted list of Triggers
stage1,record_id,icse2021_iot_bugs_and_development_challenges:39b23cdc564efc37,icse2021_iot_bugs_and_development_challenges,iot_projects,https://github.com/freedomotic/freedomotic/issues/171,Return a sorted list of Triggers
stage1,record_id,icse2021_iot_bugs_and_development_challenges:426b1400839cc025,icse2021_iot_bugs_and_development_challenges,iot_projects,https://github.com/freedomotic/freedomotic/issues/177,Remove .xenv file when an environment is deleted
stage1,record_id,icse2021_iot_bugs_and_development_challenges:426b1400839cc025,icse2021_iot_bugs_and_development_challenges,iot_projects,https://github.com/freedomotic/freedomotic/issues/177,Remove .xenv file when an environment is deleted
stage1,record_id,icse2021_iot_bugs_and_development_challenges:8c066467c5898a21,icse2021_iot_bugs_and_development_challenges,iot_projects,https://github.com/freedomotic/freedomotic/issues/179,getAvailableLocales() method throws an exception
stage1,record_id,icse2021_iot_bugs_and_development_challenges:8c066467c5898a21,icse2021_iot_bugs_and_development_challenges,iot_projects,https://github.com/freedomotic/freedomotic/issues/179,getAvailableLocales() method throws an exception
stage1,record_id,icse2021_iot_bugs_and_development_challenges:fbbd96f5e189e64b,icse2021_iot_bugs_and_development_challenges,iot_projects,https://github.com/freedomotic/freedomotic/issues/238,freedomotic-model pom.xml should contain a <pluginManagement> tag
stage1,record_id,icse2021_iot_bugs_and_development_challenges:fbbd96f5e189e64b,icse2021_iot_bugs_and_development_challenges,iot_projects,https://github.com/freedomotic/freedomotic/issues/238,freedomotic-model pom.xml should contain a <pluginManagement> tag
stage1,record_id,icse2021_iot_bugs_and_development_challenges:6176b1f2fc728b28,icse2021_iot_bugs_and_development_challenges,iot_projects,https://github.com/freedomotic/freedomotic/issues/242,applySensorNotification method raises an exception when protocol and address properties are missing in events
stage1,record_id,icse2021_iot_bugs_and_development_challenges:6176b1f2fc728b28,icse2021_iot_bugs_and_development_challenges,iot_projects,https://github.com/freedomotic/freedomotic/issues/242,applySensorNotification method raises an exception when protocol and address properties are missing in events
stage1,record_id,icse2021_iot_bugs_and_development_challenges:4a3dedb2050eb60d,icse2021_iot_bugs_and_development_challenges,iot_projects,https://github.com/freedomotic/freedomotic/issues/245,fireHttpRequest method in HttpHelper class throws an exception with null username/password
stage1,record_id,icse2021_iot_bugs_and_development_challenges:4a3dedb2050eb60d,icse2021_iot_bugs_and_development_challenges,iot_projects,https://github.com/freedomotic/freedomotic/issues/245,fireHttpRequest method in HttpHelper class throws an exception with null username/password
stage1,record_id,icse2021_iot_bugs_and_development_challenges:01f3af2b52715fa8,icse2021_iot_bugs_and_development_challenges,iot_projects,https://github.com/freedomotic/freedomotic/issues/252,Building of armhf (32 bit) Docker image failed
stage1,record_id,icse2021_iot_bugs_and_development_challenges:01f3af2b52715fa8,icse2021_iot_bugs_and_development_challenges,iot_projects,https://github.com/freedomotic/freedomotic/issues/252,Building of armhf (32 bit) Docker image failed
stage1,record_id,icse2021_iot_bugs_and_development_challenges:e094a63c3064ab27,icse2021_iot_bugs_and_development_challenges,iot_projects,https://github.com/freedomotic/freedomotic/issues/259,"jfrontend ""freeze"" bug"
stage1,record_id,icse2021_iot_bugs_and_development_challenges:e094a63c3064ab27,icse2021_iot_bugs_and_development_challenges,iot_projects,https://github.com/freedomotic/freedomotic/issues/259,"jfrontend ""freeze"" bug"
stage1,record_id,icse2021_iot_bugs_and_development_challenges:08984a2c792f4580,icse2021_iot_bugs_and_development_challenges,iot_projects,https://github.com/freedomotic/freedomotic/issues/265,Avoid duplicated messages in log files
stage1,record_id,icse2021_iot_bugs_and_development_challenges:08984a2c792f4580,icse2021_iot_bugs_and_development_challenges,iot_projects,https://github.com/freedomotic/freedomotic/issues/265,Avoid duplicated messages in log files
stage1,record_id,icse2021_iot_bugs_and_development_challenges:1b999ae6fe93631d,icse2021_iot_bugs_and_development_challenges,iot_projects,https://github.com/freedomotic/freedomotic/issues/267,Extra conditions in Automations not correctly evaluated when the value is a constant
stage1,record_id,icse2021_iot_bugs_and_development_challenges:1b999ae6fe93631d,icse2021_iot_bugs_and_development_challenges,iot_projects,https://github.com/freedomotic/freedomotic/issues/267,Extra conditions in Automations not correctly evaluated when the value is a constant
stage1,record_id,icse2021_iot_bugs_and_development_challenges:7e85ece75d2ee572,icse2021_iot_bugs_and_development_challenges,iot_projects,https://github.com/freedomotic/freedomotic/issues/268,Telegram-bot plugin not working with last dailybuilds
stage1,record_id,icse2021_iot_bugs_and_development_challenges:7e85ece75d2ee572,icse2021_iot_bugs_and_development_challenges,iot_projects,https://github.com/freedomotic/freedomotic/issues/268,Telegram-bot plugin not working with last dailybuilds
stage1,record_id,icse2021_iot_bugs_and_development_challenges:40ac9c422cae8554,icse2021_iot_bugs_and_development_challenges,iot_projects,https://github.com/freedomotic/freedomotic/issues/275,Plugin.java throws NPE when not file path is provided for configuration
stage1,record_id,icse2021_iot_bugs_and_development_challenges:40ac9c422cae8554,icse2021_iot_bugs_and_development_challenges,iot_projects,https://github.com/freedomotic/freedomotic/issues/275,Plugin.java throws NPE when not file path is provided for configuration
stage1,record_id,icse2021_iot_bugs_and_development_challenges:212eca899ec73333,icse2021_iot_bugs_and_development_challenges,iot_projects,https://github.com/freedomotic/freedomotic/issues/429,RestAPI plugin: pluginChange endpoint not working
stage1,record_id,icse2021_iot_bugs_and_development_challenges:212eca899ec73333,icse2021_iot_bugs_and_development_challenges,iot_projects,https://github.com/freedomotic/freedomotic/issues/429,RestAPI plugin: pluginChange endpoint not working
stage1,issue_url,fse2021_an_exploratory_study_of_autopilot:f0dc635110e5ff34,fse2021_an_exploratory_study_of_autopilot,PX4,https://github.com/PX4/Firmware/issues/3264,https://github.com/PX4/Firmware/issues/3264
stage1,issue_url,fse2021_an_exploratory_study_of_autopilot:f0dc635110e5ff34,fse2021_an_exploratory_study_of_autopilot,PX4,https://github.com/PX4/Firmware/issues/3264,https://github.com/PX4/Firmware/issues/3264
stage1,issue_url,fse2021_an_exploratory_study_of_autopilot:759eb0916ead23d8,fse2021_an_exploratory_study_of_autopilot,PX4,https://github.com/PX4/Firmware/issues/7696,https://github.com/PX4/Firmware/issues/7696
stage1,issue_url,fse2021_an_exploratory_study_of_autopilot:759eb0916ead23d8,fse2021_an_exploratory_study_of_autopilot,PX4,https://github.com/PX4/Firmware/issues/7696,https://github.com/PX4/Firmware/issues/7696
stage1,issue_url,icse2021_iot_bugs_and_development_challenges:258588536809d7d3,icse2021_iot_bugs_and_development_challenges,iot_projects,https://github.com/freedomotic/freedomotic/issues/117,Jfrontend: only images in resources folder are set as background
stage1,issue_url,icse2021_iot_bugs_and_development_challenges:258588536809d7d3,icse2021_iot_bugs_and_development_challenges,iot_projects,https://github.com/freedomotic/freedomotic/issues/117,Jfrontend: only images in resources folder are set as background
stage1,issue_url,icse2021_iot_bugs_and_development_challenges:3fe6c05c007c4cb9,icse2021_iot_bugs_and_development_challenges,iot_projects,https://github.com/freedomotic/freedomotic/issues/118,ActiveMQ error message at shutdown
stage1,issue_url,icse2021_iot_bugs_and_development_challenges:3fe6c05c007c4cb9,icse2021_iot_bugs_and_development_challenges,iot_projects,https://github.com/freedomotic/freedomotic/issues/118,ActiveMQ error message at shutdown
stage1,issue_url,icse2021_iot_bugs_and_development_challenges:dffefe5bea535cfc,icse2021_iot_bugs_and_development_challenges,iot_projects,https://github.com/freedomotic/freedomotic/issues/121,RestApi v3 - websocket endpoints not working
stage1,issue_url,icse2021_iot_bugs_and_development_challenges:dffefe5bea535cfc,icse2021_iot_bugs_and_development_challenges,iot_projects,https://github.com/freedomotic/freedomotic/issues/121,RestApi v3 - websocket endpoints not working
stage1,issue_url,icse2021_iot_bugs_and_development_challenges:cf1e90a5a3982aa5,icse2021_iot_bugs_and_development_challenges,iot_projects,https://github.com/freedomotic/freedomotic/issues/123,"RestAPI v3 -  ""/rooms"" not working"
stage1,issue_url,icse2021_iot_bugs_and_development_challenges:cf1e90a5a3982aa5,icse2021_iot_bugs_and_development_challenges,iot_projects,https://github.com/freedomotic/freedomotic/issues/123,"RestAPI v3 -  ""/rooms"" not working"
stage1,issue_url,icse2021_iot_bugs_and_development_challenges:cf87e4209d3f52ca,icse2021_iot_bugs_and_development_challenges,iot_projects,https://github.com/freedomotic/freedomotic/issues/147,log4j errors at startup
stage1,issue_url,icse2021_iot_bugs_and_development_challenges:cf87e4209d3f52ca,icse2021_iot_bugs_and_development_challenges,iot_projects,https://github.com/freedomotic/freedomotic/issues/147,log4j errors at startup
stage1,issue_url,icse2021_iot_bugs_and_development_challenges:12a29ee65759c1c2,icse2021_iot_bugs_and_development_challenges,iot_projects,https://github.com/freedomotic/freedomotic/issues/155,Zone/Room UUID not assigned when a new environment is created
stage1,issue_url,icse2021_iot_bugs_and_development_challenges:12a29ee65759c1c2,icse2021_iot_bugs_and_development_challenges,iot_projects,https://github.com/freedomotic/freedomotic/issues/155,Zone/Room UUID not assigned when a new environment is created
stage1,issue_url,icse2021_iot_bugs_and_development_challenges:9ce6d0fe8469ae62,icse2021_iot_bugs_and_development_challenges,iot_projects,https://github.com/freedomotic/freedomotic/issues/167,PropertiesConverter doesn't deal with tuples
stage1,issue_url,icse2021_iot_bugs_and_development_challenges:9ce6d0fe8469ae62,icse2021_iot_bugs_and_development_challenges,iot_projects,https://github.com/freedomotic/freedomotic/issues/167,PropertiesConverter doesn't deal with tuples
stage1,issue_url,icse2021_iot_bugs_and_development_challenges:fa34142bd9114819,icse2021_iot_bugs_and_development_challenges,iot_projects,https://github.com/freedomotic/freedomotic/issues/168,"Test ""testNoSimilarCommand()"" fails"
stage1,issue_url,icse2021_iot_bugs_and_development_challenges:fa34142bd9114819,icse2021_iot_bugs_and_development_challenges,iot_projects,https://github.com/freedomotic/freedomotic/issues/168,"Test ""testNoSimilarCommand()"" fails"
stage1,issue_url,icse2021_iot_bugs_and_development_challenges:39b23cdc564efc37,icse2021_iot_bugs_and_development_challenges,iot_projects,https://github.com/freedomotic/freedomotic/issues/171,Return a sorted list of Triggers
stage1,issue_url,icse2021_iot_bugs_and_development_challenges:39b23cdc564efc37,icse2021_iot_bugs_and_development_challenges,iot_projects,https://github.com/freedomotic/freedomotic/issues/171,Return a sorted list of Triggers
stage1,issue_url,icse2021_iot_bugs_and_development_challenges:426b1400839cc025,icse2021_iot_bugs_and_development_challenges,iot_projects,https://github.com/freedomotic/freedomotic/issues/177,Remove .xenv file when an environment is deleted
stage1,issue_url,icse2021_iot_bugs_and_development_challenges:426b1400839cc025,icse2021_iot_bugs_and_development_challenges,iot_projects,https://github.com/freedomotic/freedomotic/issues/177,Remove .xenv file when an environment is deleted
stage1,issue_url,icse2021_iot_bugs_and_development_challenges:8c066467c5898a21,icse2021_iot_bugs_and_development_challenges,iot_projects,https://github.com/freedomotic/freedomotic/issues/179,getAvailableLocales() method throws an exception
stage1,issue_url,icse2021_iot_bugs_and_development_challenges:8c066467c5898a21,icse2021_iot_bugs_and_development_challenges,iot_projects,https://github.com/freedomotic/freedomotic/issues/179,getAvailableLocales() method throws an exception
stage1,issue_url,icse2021_iot_bugs_and_development_challenges:fbbd96f5e189e64b,icse2021_iot_bugs_and_development_challenges,iot_projects,https://github.com/freedomotic/freedomotic/issues/238,freedomotic-model pom.xml should contain a <pluginManagement> tag
stage1,issue_url,icse2021_iot_bugs_and_development_challenges:fbbd96f5e189e64b,icse2021_iot_bugs_and_development_challenges,iot_projects,https://github.com/freedomotic/freedomotic/issues/238,freedomotic-model pom.xml should contain a <pluginManagement> tag
stage1,issue_url,icse2021_iot_bugs_and_development_challenges:6176b1f2fc728b28,icse2021_iot_bugs_and_development_challenges,iot_projects,https://github.com/freedomotic/freedomotic/issues/242,applySensorNotification method raises an exception when protocol and address properties are missing in events
stage1,issue_url,icse2021_iot_bugs_and_development_challenges:6176b1f2fc728b28,icse2021_iot_bugs_and_development_challenges,iot_projects,https://github.com/freedomotic/freedomotic/issues/242,applySensorNotification method raises an exception when protocol and address properties are missing in events
stage1,issue_url,icse2021_iot_bugs_and_development_challenges:4a3dedb2050eb60d,icse2021_iot_bugs_and_development_challenges,iot_projects,https://github.com/freedomotic/freedomotic/issues/245,fireHttpRequest method in HttpHelper class throws an exception with null username/password
stage1,issue_url,icse2021_iot_bugs_and_development_challenges:4a3dedb2050eb60d,icse2021_iot_bugs_and_development_challenges,iot_projects,https://github.com/freedomotic/freedomotic/issues/245,fireHttpRequest method in HttpHelper class throws an exception with null username/password
stage1,issue_url,icse2021_iot_bugs_and_development_challenges:01f3af2b52715fa8,icse2021_iot_bugs_and_development_challenges,iot_projects,https://github.com/freedomotic/freedomotic/issues/252,Building of armhf (32 bit) Docker image failed
stage1,issue_url,icse2021_iot_bugs_and_development_challenges:01f3af2b52715fa8,icse2021_iot_bugs_and_development_challenges,iot_projects,https://github.com/freedomotic/freedomotic/issues/252,Building of armhf (32 bit) Docker image failed
stage1,issue_url,icse2021_iot_bugs_and_development_challenges:e094a63c3064ab27,icse2021_iot_bugs_and_development_challenges,iot_projects,https://github.com/freedomotic/freedomotic/issues/259,"jfrontend ""freeze"" bug"
stage1,issue_url,icse2021_iot_bugs_and_development_challenges:e094a63c3064ab27,icse2021_iot_bugs_and_development_challenges,iot_projects,https://github.com/freedomotic/freedomotic/issues/259,"jfrontend ""freeze"" bug"
stage1,issue_url,icse2021_iot_bugs_and_development_challenges:08984a2c792f4580,icse2021_iot_bugs_and_development_challenges,iot_projects,https://github.com/freedomotic/freedomotic/issues/265,Avoid duplicated messages in log files
stage1,issue_url,icse2021_iot_bugs_and_development_challenges:08984a2c792f4580,icse2021_iot_bugs_and_development_challenges,iot_projects,https://github.com/freedomotic/freedomotic/issues/265,Avoid duplicated messages in log files
stage1,issue_url,icse2021_iot_bugs_and_development_challenges:1b999ae6fe93631d,icse2021_iot_bugs_and_development_challenges,iot_projects,https://github.com/freedomotic/freedomotic/issues/267,Extra conditions in Automations not correctly evaluated when the value is a constant
stage1,issue_url,icse2021_iot_bugs_and_development_challenges:1b999ae6fe93631d,icse2021_iot_bugs_and_development_challenges,iot_projects,https://github.com/freedomotic/freedomotic/issues/267,Extra conditions in Automations not correctly evaluated when the value is a constant
stage1,issue_url,icse2021_iot_bugs_and_development_challenges:7e85ece75d2ee572,icse2021_iot_bugs_and_development_challenges,iot_projects,https://github.com/freedomotic/freedomotic/issues/268,Telegram-bot plugin not working with last dailybuilds
stage1,issue_url,icse2021_iot_bugs_and_development_challenges:7e85ece75d2ee572,icse2021_iot_bugs_and_development_challenges,iot_projects,https://github.com/freedomotic/freedomotic/issues/268,Telegram-bot plugin not working with last dailybuilds
stage1,issue_url,icse2021_iot_bugs_and_development_challenges:40ac9c422cae8554,icse2021_iot_bugs_and_development_challenges,iot_projects,https://github.com/freedomotic/freedomotic/issues/275,Plugin.java throws NPE when not file path is provided for configuration
stage1,issue_url,icse2021_iot_bugs_and_development_challenges:40ac9c422cae8554,icse2021_iot_bugs_and_development_challenges,iot_projects,https://github.com/freedomotic/freedomotic/issues/275,Plugin.java throws NPE when not file path is provided for configuration
stage1,issue_url,icse2021_iot_bugs_and_development_challenges:212eca899ec73333,icse2021_iot_bugs_and_development_challenges,iot_projects,https://github.com/freedomotic/freedomotic/issues/429,RestAPI plugin: pluginChange endpoint not working
stage1,issue_url,icse2021_iot_bugs_and_development_challenges:212eca899ec73333,icse2021_iot_bugs_and_development_challenges,iot_projects,https://github.com/freedomotic/freedomotic/issues/429,RestAPI plugin: pluginChange endpoint not working
stage1,issue_url,icse2022_an_empirical_study_on_performance:332560cc07bd3d21,icse2022_an_empirical_study_on_performance,dl_framework_perf,https://github.com/pytorch/pytorch/issues/17501,Pytorch issue 17501
stage1,issue_url,icse2022_an_empirical_study_on_performance:25568a7729447e9a,icse2022_an_empirical_study_on_performance,dl_framework_perf,https://github.com/pytorch/pytorch/issues/18853,Pytorch issue 18853
stage1,issue_url,icse2022_an_empirical_study_on_performance:1a6e4053cca80422,icse2022_an_empirical_study_on_performance,dl_framework_perf,https://github.com/pytorch/pytorch/issues/19227,Pytorch issue 19227
stage1,issue_url,icse2022_an_empirical_study_on_performance:5a3dcc384cf4bd0c,icse2022_an_empirical_study_on_performance,dl_framework_perf,https://github.com/pytorch/pytorch/issues/19363,Pytorch issue 19363
stage1,issue_url,icse2022_an_empirical_study_on_performance:24e927449cc826d8,icse2022_an_empirical_study_on_performance,dl_framework_perf,https://github.com/pytorch/pytorch/issues/20630,Pytorch issue 20630
stage1,issue_url,icse2022_an_empirical_study_on_performance:2742f8a4d81978c2,icse2022_an_empirical_study_on_performance,dl_framework_perf,https://github.com/pytorch/pytorch/issues/20755,Pytorch issue 20755
stage1,issue_url,icse2022_an_empirical_study_on_performance:5a3747e49fb70828,icse2022_an_empirical_study_on_performance,dl_framework_perf,https://github.com/pytorch/pytorch/issues/20888,Pytorch issue 20888
stage1,issue_url,icse2022_an_empirical_study_on_performance:f2760512ca863147,icse2022_an_empirical_study_on_performance,dl_framework_perf,https://github.com/pytorch/pytorch/issues/21344,Pytorch issue 21344
stage1,issue_url,icse2022_an_empirical_study_on_performance:473dc9f47ad80125,icse2022_an_empirical_study_on_performance,dl_framework_perf,https://github.com/pytorch/pytorch/issues/22389,Pytorch issue 22389
stage1,issue_url,icse2022_an_empirical_study_on_performance:d315d9220fafb616,icse2022_an_empirical_study_on_performance,dl_framework_perf,https://github.com/pytorch/pytorch/issues/24175,Pytorch issue 24175
stage1,issue_url,icse2022_an_empirical_study_on_performance:691447dbacec4ea9,icse2022_an_empirical_study_on_performance,dl_framework_perf,https://github.com/pytorch/pytorch/issues/24200,Pytorch issue 24200
stage1,issue_url,icse2022_an_empirical_study_on_performance:f2d4ab481a02696c,icse2022_an_empirical_study_on_performance,dl_framework_perf,https://github.com/pytorch/pytorch/issues/25010,Pytorch issue 25010
stage1,issue_url,icse2022_an_empirical_study_on_performance:600098a715705d8b,icse2022_an_empirical_study_on_performance,dl_framework_perf,https://github.com/pytorch/pytorch/issues/26038,Pytorch issue 26038
stage1,issue_url,icse2022_an_empirical_study_on_performance:4e446b012a69d460,icse2022_an_empirical_study_on_performance,dl_framework_perf,https://github.com/pytorch/pytorch/issues/28418,Pytorch issue 28418
stage1,issue_url,icse2022_an_empirical_study_on_performance:d79c1c462f49ebe1,icse2022_an_empirical_study_on_performance,dl_framework_perf,https://github.com/pytorch/pytorch/issues/31690,Pytorch issue 31690
stage1,issue_url,icse2022_an_empirical_study_on_performance:49dde42475c61d53,icse2022_an_empirical_study_on_performance,dl_framework_perf,https://github.com/pytorch/pytorch/issues/32139,Pytorch issue 32139
stage1,issue_url,icse2022_an_empirical_study_on_performance:31e953b922b21a94,icse2022_an_empirical_study_on_performance,dl_framework_perf,https://github.com/pytorch/pytorch/issues/32983,Pytorch issue 32983
stage1,issue_url,icse2022_an_empirical_study_on_performance:ea64a0f0d7d52bd9,icse2022_an_empirical_study_on_performance,dl_framework_perf,https://github.com/pytorch/pytorch/issues/3307,Pytorch issue 3307
stage1,issue_url,icse2022_an_empirical_study_on_performance:267fd00e64fb2bfa,icse2022_an_empirical_study_on_performance,dl_framework_perf,https://github.com/pytorch/pytorch/issues/33899,Pytorch issue 33899
stage1,issue_url,icse2022_an_empirical_study_on_performance:46eb28d37d3b4728,icse2022_an_empirical_study_on_performance,dl_framework_perf,https://github.com/pytorch/pytorch/issues/34907,Pytorch issue 34907
stage1,issue_url,icse2022_an_empirical_study_on_performance:69a8449d07e238ec,icse2022_an_empirical_study_on_performance,dl_framework_perf,https://github.com/pytorch/pytorch/issues/35901,Pytorch issue 35901
stage1,issue_url,icse2022_an_empirical_study_on_performance:5d3b034576b69efc,icse2022_an_empirical_study_on_performance,dl_framework_perf,https://github.com/pytorch/pytorch/issues/36755,Pytorch issue 36755
stage1,issue_url,icse2022_an_empirical_study_on_performance:2f87f6414934940c,icse2022_an_empirical_study_on_performance,dl_framework_perf,https://github.com/pytorch/pytorch/issues/37558,Pytorch issue 37558
stage1,issue_url,icse2022_an_empirical_study_on_performance:be0f9fe6d92099c9,icse2022_an_empirical_study_on_performance,dl_framework_perf,https://github.com/pytorch/pytorch/issues/37583,Pytorch issue 37583
stage1,issue_url,icse2022_an_empirical_study_on_performance:8e2c506e9e844a2c,icse2022_an_empirical_study_on_performance,dl_framework_perf,https://github.com/pytorch/pytorch/issues/38716,Pytorch issue 38716
stage1,issue_url,icse2022_an_empirical_study_on_performance:b0b118d4e0b79b4a,icse2022_an_empirical_study_on_performance,dl_framework_perf,https://github.com/pytorch/pytorch/issues/38915,Pytorch issue 38915
stage1,issue_url,icse2022_an_empirical_study_on_performance:f53cb2b19633fea0,icse2022_an_empirical_study_on_performance,dl_framework_perf,https://github.com/pytorch/pytorch/issues/41865,Pytorch issue 41865
stage1,issue_url,icse2022_an_empirical_study_on_performance:5a3f81868322c085,icse2022_an_empirical_study_on_performance,dl_framework_perf,https://github.com/pytorch/pytorch/issues/42239,Pytorch issue 42239
stage1,issue_url,icse2022_an_empirical_study_on_performance:a20524d008dbb3e0,icse2022_an_empirical_study_on_performance,dl_framework_perf,https://github.com/pytorch/pytorch/issues/42242,Pytorch issue 42242
stage1,issue_url,icse2022_an_empirical_study_on_performance:5fdfd088087fc6b2,icse2022_an_empirical_study_on_performance,dl_framework_perf,https://github.com/pytorch/pytorch/issues/42265,Pytorch issue 42265
stage1,issue_url,icse2022_an_empirical_study_on_performance:ba381eaf3983a011,icse2022_an_empirical_study_on_performance,dl_framework_perf,https://github.com/pytorch/pytorch/issues/42305,Pytorch issue 42305
stage1,issue_url,icse2022_an_empirical_study_on_performance:c254feddaa69b615,icse2022_an_empirical_study_on_performance,dl_framework_perf,https://github.com/pytorch/pytorch/issues/42435,Pytorch issue 42435
stage1,issue_url,icse2022_an_empirical_study_on_performance:215937c06c4b23c6,icse2022_an_empirical_study_on_performance,dl_framework_perf,https://github.com/pytorch/pytorch/issues/4320,Pytorch issue 4320
stage1,issue_url,icse2022_an_empirical_study_on_performance:ca941f928a0ec573,icse2022_an_empirical_study_on_performance,dl_framework_perf,https://github.com/pytorch/pytorch/issues/43414,Pytorch issue 43414
stage1,issue_url,icse2022_an_empirical_study_on_performance:6d3152c21b235dcb,icse2022_an_empirical_study_on_performance,dl_framework_perf,https://github.com/pytorch/pytorch/issues/43918,Pytorch issue 43918
stage1,issue_url,icse2022_an_empirical_study_on_performance:cadb55cda13b8bcd,icse2022_an_empirical_study_on_performance,dl_framework_perf,https://github.com/pytorch/pytorch/issues/46224,Pytorch issue 46224
stage1,issue_url,icse2022_an_empirical_study_on_performance:14f53d5c3e91b5fe,icse2022_an_empirical_study_on_performance,dl_framework_perf,https://github.com/pytorch/pytorch/issues/46312,Pytorch issue 46312
stage1,issue_url,icse2022_an_empirical_study_on_performance:68ea97dccacbb6fc,icse2022_an_empirical_study_on_performance,dl_framework_perf,https://github.com/pytorch/pytorch/issues/46557,Pytorch issue 46557
stage1,issue_url,icse2022_an_empirical_study_on_performance:898795dc97d52d61,icse2022_an_empirical_study_on_performance,dl_framework_perf,https://github.com/pytorch/pytorch/issues/46930,Pytorch issue 46930
stage1,issue_url,icse2022_an_empirical_study_on_performance:ee96af8727111e78,icse2022_an_empirical_study_on_performance,dl_framework_perf,https://github.com/pytorch/pytorch/issues/47292,Pytorch issue 47292
stage1,issue_url,icse2022_an_empirical_study_on_performance:ba273ea27a9817be,icse2022_an_empirical_study_on_performance,dl_framework_perf,https://github.com/pytorch/pytorch/issues/48049,Pytorch issue 48049
stage1,issue_url,icse2022_an_empirical_study_on_performance:af3049605ce6e74f,icse2022_an_empirical_study_on_performance,dl_framework_perf,https://github.com/pytorch/pytorch/issues/48835,Pytorch issue 48835
stage1,issue_url,icse2022_an_empirical_study_on_performance:9dbf7eeb325f3f07,icse2022_an_empirical_study_on_performance,dl_framework_perf,https://github.com/pytorch/pytorch/issues/49019,Pytorch issue 49019
stage1,issue_url,icse2022_an_empirical_study_on_performance:bfe756bf7517a375,icse2022_an_empirical_study_on_performance,dl_framework_perf,https://github.com/pytorch/pytorch/issues/49052,Pytorch issue 49052
stage1,issue_url,icse2022_an_empirical_study_on_performance:d81e10d1898d0639,icse2022_an_empirical_study_on_performance,dl_framework_perf,https://github.com/pytorch/pytorch/issues/5059,Pytorch issue 5059
stage1,issue_url,icse2022_an_empirical_study_on_performance:dff227004fba1586,icse2022_an_empirical_study_on_performance,dl_framework_perf,https://github.com/pytorch/pytorch/issues/51349,Pytorch issue 51349
stage1,issue_url,icse2022_an_empirical_study_on_performance:2301e7cb136fd746,icse2022_an_empirical_study_on_performance,dl_framework_perf,https://github.com/pytorch/pytorch/issues/52822,Pytorch issue 52822
stage1,issue_url,icse2022_an_empirical_study_on_performance:2c628955e967938e,icse2022_an_empirical_study_on_performance,dl_framework_perf,https://github.com/pytorch/pytorch/issues/53456,Pytorch issue 53456
stage1,issue_url,icse2022_an_empirical_study_on_performance:bbb07fd10283e3ee,icse2022_an_empirical_study_on_performance,dl_framework_perf,https://github.com/pytorch/pytorch/issues/54036,Pytorch issue 54036
stage1,issue_url,icse2022_an_empirical_study_on_performance:2fc343e8a15c8e14,icse2022_an_empirical_study_on_performance,dl_framework_perf,https://github.com/pytorch/pytorch/issues/8817,Pytorch issue 8817
stage1,issue_url,icse2023_an_empirical_study_on_bugs:332560cc07bd3d21,icse2023_an_empirical_study_on_bugs,pytorch,https://github.com/pytorch/pytorch/issues/17501,PyTorch issue 17501
stage1,issue_url,icse2023_an_empirical_study_on_bugs:25568a7729447e9a,icse2023_an_empirical_study_on_bugs,pytorch,https://github.com/pytorch/pytorch/issues/18853,PyTorch issue 18853
stage1,issue_url,icse2023_an_empirical_study_on_bugs:1a6e4053cca80422,icse2023_an_empirical_study_on_bugs,pytorch,https://github.com/pytorch/pytorch/issues/19227,PyTorch issue 19227
stage1,issue_url,icse2023_an_empirical_study_on_bugs:5a3dcc384cf4bd0c,icse2023_an_empirical_study_on_bugs,pytorch,https://github.com/pytorch/pytorch/issues/19363,PyTorch issue 19363
stage1,issue_url,icse2023_an_empirical_study_on_bugs:24e927449cc826d8,icse2023_an_empirical_study_on_bugs,pytorch,https://github.com/pytorch/pytorch/issues/20630,PyTorch issue 20630
stage1,issue_url,icse2023_an_empirical_study_on_bugs:2742f8a4d81978c2,icse2023_an_empirical_study_on_bugs,pytorch,https://github.com/pytorch/pytorch/issues/20755,PyTorch issue 20755
stage1,issue_url,icse2023_an_empirical_study_on_bugs:5a3747e49fb70828,icse2023_an_empirical_study_on_bugs,pytorch,https://github.com/pytorch/pytorch/issues/20888,PyTorch issue 20888
stage1,issue_url,icse2023_an_empirical_study_on_bugs:f2760512ca863147,icse2023_an_empirical_study_on_bugs,pytorch,https://github.com/pytorch/pytorch/issues/21344,PyTorch issue 21344
stage1,issue_url,icse2023_an_empirical_study_on_bugs:473dc9f47ad80125,icse2023_an_empirical_study_on_bugs,pytorch,https://github.com/pytorch/pytorch/issues/22389,PyTorch issue 22389
stage1,issue_url,icse2023_an_empirical_study_on_bugs:d315d9220fafb616,icse2023_an_empirical_study_on_bugs,pytorch,https://github.com/pytorch/pytorch/issues/24175,PyTorch issue 24175
stage1,issue_url,icse2023_an_empirical_study_on_bugs:691447dbacec4ea9,icse2023_an_empirical_study_on_bugs,pytorch,https://github.com/pytorch/pytorch/issues/24200,PyTorch issue 24200
stage1,issue_url,icse2023_an_empirical_study_on_bugs:f2d4ab481a02696c,icse2023_an_empirical_study_on_bugs,pytorch,https://github.com/pytorch/pytorch/issues/25010,PyTorch issue 25010
stage1,issue_url,icse2023_an_empirical_study_on_bugs:600098a715705d8b,icse2023_an_empirical_study_on_bugs,pytorch,https://github.com/pytorch/pytorch/issues/26038,PyTorch issue 26038
stage1,issue_url,icse2023_an_empirical_study_on_bugs:4e446b012a69d460,icse2023_an_empirical_study_on_bugs,pytorch,https://github.com/pytorch/pytorch/issues/28418,PyTorch issue 28418
stage1,issue_url,icse2023_an_empirical_study_on_bugs:d79c1c462f49ebe1,icse2023_an_empirical_study_on_bugs,pytorch,https://github.com/pytorch/pytorch/issues/31690,PyTorch issue 31690
stage1,issue_url,icse2023_an_empirical_study_on_bugs:49dde42475c61d53,icse2023_an_empirical_study_on_bugs,pytorch,https://github.com/pytorch/pytorch/issues/32139,PyTorch issue 32139
stage1,issue_url,icse2023_an_empirical_study_on_bugs:31e953b922b21a94,icse2023_an_empirical_study_on_bugs,pytorch,https://github.com/pytorch/pytorch/issues/32983,PyTorch issue 32983
stage1,issue_url,icse2023_an_empirical_study_on_bugs:ea64a0f0d7d52bd9,icse2023_an_empirical_study_on_bugs,pytorch,https://github.com/pytorch/pytorch/issues/3307,PyTorch issue 3307
stage1,issue_url,icse2023_an_empirical_study_on_bugs:267fd00e64fb2bfa,icse2023_an_empirical_study_on_bugs,pytorch,https://github.com/pytorch/pytorch/issues/33899,PyTorch issue 33899
stage1,issue_url,icse2023_an_empirical_study_on_bugs:46eb28d37d3b4728,icse2023_an_empirical_study_on_bugs,pytorch,https://github.com/pytorch/pytorch/issues/34907,PyTorch issue 34907
stage1,issue_url,icse2023_an_empirical_study_on_bugs:69a8449d07e238ec,icse2023_an_empirical_study_on_bugs,pytorch,https://github.com/pytorch/pytorch/issues/35901,PyTorch issue 35901
stage1,issue_url,icse2023_an_empirical_study_on_bugs:5d3b034576b69efc,icse2023_an_empirical_study_on_bugs,pytorch,https://github.com/pytorch/pytorch/issues/36755,PyTorch issue 36755
stage1,issue_url,icse2023_an_empirical_study_on_bugs:2f87f6414934940c,icse2023_an_empirical_study_on_bugs,pytorch,https://github.com/pytorch/pytorch/issues/37558,PyTorch issue 37558
stage1,issue_url,icse2023_an_empirical_study_on_bugs:be0f9fe6d92099c9,icse2023_an_empirical_study_on_bugs,pytorch,https://github.com/pytorch/pytorch/issues/37583,PyTorch issue 37583
stage1,issue_url,icse2023_an_empirical_study_on_bugs:8e2c506e9e844a2c,icse2023_an_empirical_study_on_bugs,pytorch,https://github.com/pytorch/pytorch/issues/38716,PyTorch issue 38716
stage1,issue_url,icse2023_an_empirical_study_on_bugs:b0b118d4e0b79b4a,icse2023_an_empirical_study_on_bugs,pytorch,https://github.com/pytorch/pytorch/issues/38915,PyTorch issue 38915
stage1,issue_url,icse2023_an_empirical_study_on_bugs:f53cb2b19633fea0,icse2023_an_empirical_study_on_bugs,pytorch,https://github.com/pytorch/pytorch/issues/41865,PyTorch issue 41865
stage1,issue_url,icse2023_an_empirical_study_on_bugs:5a3f81868322c085,icse2023_an_empirical_study_on_bugs,pytorch,https://github.com/pytorch/pytorch/issues/42239,PyTorch issue 42239
stage1,issue_url,icse2023_an_empirical_study_on_bugs:a20524d008dbb3e0,icse2023_an_empirical_study_on_bugs,pytorch,https://github.com/pytorch/pytorch/issues/42242,PyTorch issue 42242
stage1,issue_url,icse2023_an_empirical_study_on_bugs:5fdfd088087fc6b2,icse2023_an_empirical_study_on_bugs,pytorch,https://github.com/pytorch/pytorch/issues/42265,PyTorch issue 42265
stage1,issue_url,icse2023_an_empirical_study_on_bugs:ba381eaf3983a011,icse2023_an_empirical_study_on_bugs,pytorch,https://github.com/pytorch/pytorch/issues/42305,PyTorch issue 42305
stage1,issue_url,icse2023_an_empirical_study_on_bugs:c254feddaa69b615,icse2023_an_empirical_study_on_bugs,pytorch,https://github.com/pytorch/pytorch/issues/42435,PyTorch issue 42435
stage1,issue_url,icse2023_an_empirical_study_on_bugs:215937c06c4b23c6,icse2023_an_empirical_study_on_bugs,pytorch,https://github.com/pytorch/pytorch/issues/4320,PyTorch issue 4320
stage1,issue_url,icse2023_an_empirical_study_on_bugs:ca941f928a0ec573,icse2023_an_empirical_study_on_bugs,pytorch,https://github.com/pytorch/pytorch/issues/43414,PyTorch issue 43414
stage1,issue_url,icse2023_an_empirical_study_on_bugs:6d3152c21b235dcb,icse2023_an_empirical_study_on_bugs,pytorch,https://github.com/pytorch/pytorch/issues/43918,PyTorch issue 43918
stage1,issue_url,icse2023_an_empirical_study_on_bugs:cadb55cda13b8bcd,icse2023_an_empirical_study_on_bugs,pytorch,https://github.com/pytorch/pytorch/issues/46224,PyTorch issue 46224
stage1,issue_url,icse2023_an_empirical_study_on_bugs:14f53d5c3e91b5fe,icse2023_an_empirical_study_on_bugs,pytorch,https://github.com/pytorch/pytorch/issues/46312,PyTorch issue 46312
stage1,issue_url,icse2023_an_empirical_study_on_bugs:68ea97dccacbb6fc,icse2023_an_empirical_study_on_bugs,pytorch,https://github.com/pytorch/pytorch/issues/46557,PyTorch issue 46557
stage1,issue_url,icse2023_an_empirical_study_on_bugs:898795dc97d52d61,icse2023_an_empirical_study_on_bugs,pytorch,https://github.com/pytorch/pytorch/issues/46930,PyTorch issue 46930
stage1,issue_url,icse2023_an_empirical_study_on_bugs:ee96af8727111e78,icse2023_an_empirical_study_on_bugs,pytorch,https://github.com/pytorch/pytorch/issues/47292,PyTorch issue 47292
stage1,issue_url,icse2023_an_empirical_study_on_bugs:ba273ea27a9817be,icse2023_an_empirical_study_on_bugs,pytorch,https://github.com/pytorch/pytorch/issues/48049,PyTorch issue 48049
stage1,issue_url,icse2023_an_empirical_study_on_bugs:af3049605ce6e74f,icse2023_an_empirical_study_on_bugs,pytorch,https://github.com/pytorch/pytorch/issues/48835,PyTorch issue 48835
stage1,issue_url,icse2023_an_empirical_study_on_bugs:9dbf7eeb325f3f07,icse2023_an_empirical_study_on_bugs,pytorch,https://github.com/pytorch/pytorch/issues/49019,PyTorch issue 49019
stage1,issue_url,icse2023_an_empirical_study_on_bugs:bfe756bf7517a375,icse2023_an_empirical_study_on_bugs,pytorch,https://github.com/pytorch/pytorch/issues/49052,PyTorch issue 49052
stage1,issue_url,icse2023_an_empirical_study_on_bugs:d81e10d1898d0639,icse2023_an_empirical_study_on_bugs,pytorch,https://github.com/pytorch/pytorch/issues/5059,PyTorch issue 5059
stage1,issue_url,icse2023_an_empirical_study_on_bugs:dff227004fba1586,icse2023_an_empirical_study_on_bugs,pytorch,https://github.com/pytorch/pytorch/issues/51349,PyTorch issue 51349
stage1,issue_url,icse2023_an_empirical_study_on_bugs:2301e7cb136fd746,icse2023_an_empirical_study_on_bugs,pytorch,https://github.com/pytorch/pytorch/issues/52822,PyTorch issue 52822
stage1,issue_url,icse2023_an_empirical_study_on_bugs:2c628955e967938e,icse2023_an_empirical_study_on_bugs,pytorch,https://github.com/pytorch/pytorch/issues/53456,PyTorch issue 53456
stage1,issue_url,icse2023_an_empirical_study_on_bugs:bbb07fd10283e3ee,icse2023_an_empirical_study_on_bugs,pytorch,https://github.com/pytorch/pytorch/issues/54036,PyTorch issue 54036
stage1,issue_url,icse2023_an_empirical_study_on_bugs:2fc343e8a15c8e14,icse2023_an_empirical_study_on_bugs,pytorch,https://github.com/pytorch/pytorch/issues/8817,PyTorch issue 8817
stage2,record_id,ase2022_towards_understanding_the_faults_of:f27020c5714f455b,ase2022_towards_understanding_the_faults_of,tensorflow/tfjs,https://github.com/justadudewhohacks/face-api.js/issues/15,Safari performance is poor
stage2,record_id,ase2022_towards_understanding_the_faults_of:f27020c5714f455b,ase2022_towards_understanding_the_faults_of,tensorflow/tfjs,https://github.com/justadudewhohacks/face-api.js/issues/15,Safari performance is poor
stage2,record_id,ase2022_towards_understanding_the_faults_of:4729848a1dd4fbe7,ase2022_towards_understanding_the_faults_of,tensorflow/tfjs,https://github.com/justadudewhohacks/face-api.js/issues/169,Improve accuracy and stabilization?
stage2,record_id,ase2022_towards_understanding_the_faults_of:4729848a1dd4fbe7,ase2022_towards_understanding_the_faults_of,tensorflow/tfjs,https://github.com/justadudewhohacks/face-api.js/issues/169,Improve accuracy and stabilization?
stage2,record_id,ase2022_towards_understanding_the_faults_of:70991d1628f5d673,ase2022_towards_understanding_the_faults_of,tensorflow/tfjs,https://github.com/justadudewhohacks/face-api.js/issues/226,Performance issue on the firefox at low laptop of ThinkPad X201.
stage2,record_id,ase2022_towards_understanding_the_faults_of:70991d1628f5d673,ase2022_towards_understanding_the_faults_of,tensorflow/tfjs,https://github.com/justadudewhohacks/face-api.js/issues/226,Performance issue on the firefox at low laptop of ThinkPad X201.
stage2,record_id,ase2022_towards_understanding_the_faults_of:79624d80cc138767,ase2022_towards_understanding_the_faults_of,tensorflow/tfjs,https://github.com/justadudewhohacks/face-api.js/issues/719,multiply' not yet implemented or not found in the registry
stage2,record_id,ase2022_towards_understanding_the_faults_of:79624d80cc138767,ase2022_towards_understanding_the_faults_of,tensorflow/tfjs,https://github.com/justadudewhohacks/face-api.js/issues/719,multiply' not yet implemented or not found in the registry
stage2,record_id,ase2022_towards_understanding_the_faults_of:4ebcffb07f01236b,ase2022_towards_understanding_the_faults_of,tensorflow/tfjs,https://github.com/justadudewhohacks/tfjs-image-recognition-base/issues/3,Illegal Constructor' exception thrown when used in Electron renderer process
stage2,record_id,ase2022_towards_understanding_the_faults_of:4ebcffb07f01236b,ase2022_towards_understanding_the_faults_of,tensorflow/tfjs,https://github.com/justadudewhohacks/tfjs-image-recognition-base/issues/3,Illegal Constructor' exception thrown when used in Electron renderer process
stage2,record_id,ase2022_towards_understanding_the_faults_of:748c6f3f51218fa1,ase2022_towards_understanding_the_faults_of,tensorflow/tfjs,https://github.com/tensorflow/tfjs/issues/4337,tf.stridedSlice is not a function
stage2,record_id,ase2022_towards_understanding_the_faults_of:748c6f3f51218fa1,ase2022_towards_understanding_the_faults_of,tensorflow/tfjs,https://github.com/tensorflow/tfjs/issues/4337,tf.stridedSlice is not a function
stage2,record_id,ase2022_towards_understanding_the_faults_of:b40e87dbc737bfba,ase2022_towards_understanding_the_faults_of,tensorflow/tfjs,https://github.com/tensorflow/tfjs/issues/4418,tfjs 2.8.0 is broken and introduces regressions in tf.image.cropAndResize
stage2,record_id,ase2022_towards_understanding_the_faults_of:b40e87dbc737bfba,ase2022_towards_understanding_the_faults_of,tensorflow/tfjs,https://github.com/tensorflow/tfjs/issues/4418,tfjs 2.8.0 is broken and introduces regressions in tf.image.cropAndResize
stage2,record_id,ase2022_towards_understanding_the_faults_of:0c5b558dd8f54e9a,ase2022_towards_understanding_the_faults_of,tensorflow/tfjs,https://github.com/tensorflow/tfjs/issues/4429,tfjs 2.8.1 change in behavior in tf.reshape causes errors
stage2,record_id,ase2022_towards_understanding_the_faults_of:0c5b558dd8f54e9a,ase2022_towards_understanding_the_faults_of,tensorflow/tfjs,https://github.com/tensorflow/tfjs/issues/4429,tfjs 2.8.1 change in behavior in tf.reshape causes errors
stage2,record_id,ase2022_towards_understanding_the_faults_of:be7db2c1a76e6be7,ase2022_towards_understanding_the_faults_of,tensorflow/tfjs,https://github.com/tensorflow/tfjs/issues/4480,Error running LinSpace
stage2,record_id,ase2022_towards_understanding_the_faults_of:be7db2c1a76e6be7,ase2022_towards_understanding_the_faults_of,tensorflow/tfjs,https://github.com/tensorflow/tfjs/issues/4480,Error running LinSpace
stage2,record_id,ase2022_towards_understanding_the_faults_of:20649c011c44f356,ase2022_towards_understanding_the_faults_of,tensorflow/tfjs,https://github.com/tensorflow/tfjs/issues/4481,Use tfjs 2.8.2 executeAsync show 'length' undefined error
stage2,record_id,ase2022_towards_understanding_the_faults_of:20649c011c44f356,ase2022_towards_understanding_the_faults_of,tensorflow/tfjs,https://github.com/tensorflow/tfjs/issues/4481,Use tfjs 2.8.2 executeAsync show 'length' undefined error
stage2,record_id,ase2022_towards_understanding_the_faults_of:f44cec395a0d97b7,ase2022_towards_understanding_the_faults_of,tensorflow/tfjs,https://github.com/tensorflow/tfjs/issues/4719,"speech-commands demo failing with large training sets - with ""TypeError: n.array is not a function"""
stage2,record_id,ase2022_towards_understanding_the_faults_of:f44cec395a0d97b7,ase2022_towards_understanding_the_faults_of,tensorflow/tfjs,https://github.com/tensorflow/tfjs/issues/4719,"speech-commands demo failing with large training sets - with ""TypeError: n.array is not a function"""
stage2,record_id,ase2022_towards_understanding_the_faults_of:e93ea950a979abf0,ase2022_towards_understanding_the_faults_of,tensorflow/tfjs,https://github.com/tensorflow/tfjs/issues/5063,React Native with TypeScript tfjs-models/universal-sentence-encoder error on model load
stage2,record_id,ase2022_towards_understanding_the_faults_of:e93ea950a979abf0,ase2022_towards_understanding_the_faults_of,tensorflow/tfjs,https://github.com/tensorflow/tfjs/issues/5063,React Native with TypeScript tfjs-models/universal-sentence-encoder error on model load
stage2,record_id,ase2022_towards_understanding_the_faults_of:5e8591123b884be4,ase2022_towards_understanding_the_faults_of,tensorflow/tfjs,https://github.com/tensorflow/tfjs/issues/5246,Upgrading from 3.5.0 to 3.6.0 introduces shader compile error 'xTexelC8Ready' : undeclared identifier
stage2,record_id,ase2022_towards_understanding_the_faults_of:5e8591123b884be4,ase2022_towards_understanding_the_faults_of,tensorflow/tfjs,https://github.com/tensorflow/tfjs/issues/5246,Upgrading from 3.5.0 to 3.6.0 introduces shader compile error 'xTexelC8Ready' : undeclared identifier
stage2,record_id,ase2022_towards_understanding_the_faults_of:9dba05e6fd52bf88,ase2022_towards_understanding_the_faults_of,tensorflow/tfjs,https://github.com/tensorflow/tfjs/issues/5259,Error: Operands could not be broadcast together with shapes 1554 and 1554;2
stage2,record_id,ase2022_towards_understanding_the_faults_of:9dba05e6fd52bf88,ase2022_towards_understanding_the_faults_of,tensorflow/tfjs,https://github.com/tensorflow/tfjs/issues/5259,Error: Operands could not be broadcast together with shapes 1554 and 1554;2
stage2,record_id,ase2022_towards_understanding_the_faults_of:284fc6e2e6bab689,ase2022_towards_understanding_the_faults_of,tensorflow/tfjs,https://github.com/tensorflow/tfjs/issues/5377,How to use execute instead of executeAsync for object detection model?
stage2,record_id,ase2022_towards_understanding_the_faults_of:284fc6e2e6bab689,ase2022_towards_understanding_the_faults_of,tensorflow/tfjs,https://github.com/tensorflow/tfjs/issues/5377,How to use execute instead of executeAsync for object detection model?
stage2,record_id,ase2022_towards_understanding_the_faults_of:9ba9efd9a6ce40ce,ase2022_towards_understanding_the_faults_of,tensorflow/tfjs,https://github.com/tensorflow/tfjs/issues/5494,tfjs-backend-webgpu multiple issues
stage2,record_id,ase2022_towards_understanding_the_faults_of:9ba9efd9a6ce40ce,ase2022_towards_understanding_the_faults_of,tensorflow/tfjs,https://github.com/tensorflow/tfjs/issues/5494,tfjs-backend-webgpu multiple issues
stage2,record_id,ase2022_towards_understanding_the_faults_of:3c849807a76fc40c,ase2022_towards_understanding_the_faults_of,tensorflow/tfjs,https://github.com/tensorspace-team/tensorspace/issues/126,Functional Model predict render bug
stage2,record_id,ase2022_towards_understanding_the_faults_of:3c849807a76fc40c,ase2022_towards_understanding_the_faults_of,tensorflow/tfjs,https://github.com/tensorspace-team/tensorspace/issues/126,Functional Model predict render bug
stage2,record_id,icse2021_iot_bugs_and_development_challenges:293b500ccedff79f,icse2021_iot_bugs_and_development_challenges,iot_projects,https://github.com/homieiot/homie-esp8266/issues/575,HOMIE-ESP8266/575
stage2,record_id,icse2021_iot_bugs_and_development_challenges:293b500ccedff79f,icse2021_iot_bugs_and_development_challenges,iot_projects,https://github.com/homieiot/homie-esp8266/issues/575,HOMIE-ESP8266/575
stage2,record_id,icse2021_iot_bugs_and_development_challenges:c3c1e91467dc47d8,icse2021_iot_bugs_and_development_challenges,iot_projects,https://github.com/pliablepixels/zmNinja/issues/459,ZMNINJA/459
stage2,record_id,icse2021_iot_bugs_and_development_challenges:c3c1e91467dc47d8,icse2021_iot_bugs_and_development_challenges,iot_projects,https://github.com/pliablepixels/zmNinja/issues/459,ZMNINJA/459
stage2,record_id,icse2021_iot_bugs_and_development_challenges:57a9d424ff0558f8,icse2021_iot_bugs_and_development_challenges,iot_projects,https://github.com/yodaos-project/yoda.js/issues/780,YODA.JS/780
stage2,record_id,icse2021_iot_bugs_and_development_challenges:57a9d424ff0558f8,icse2021_iot_bugs_and_development_challenges,iot_projects,https://github.com/yodaos-project/yoda.js/issues/780,YODA.JS/780
stage2,record_id,issta2024_bugs_in_pods_understanding_bugs:3227478d59f7deb6,issta2024_bugs_in_pods_understanding_bugs,runc,https://github.com/opencontainers/runc/commit/515082102e08250f13df90426b80d58221f0636e,runc bug fix 515082102e08250f13df90426b80d58221f0636e
stage2,record_id,issta2024_bugs_in_pods_understanding_bugs:3227478d59f7deb6,issta2024_bugs_in_pods_understanding_bugs,runc,https://github.com/opencontainers/runc/commit/515082102e08250f13df90426b80d58221f0636e,runc bug fix 515082102e08250f13df90426b80d58221f0636e
stage2,record_id,issta2024_bugs_in_pods_understanding_bugs:a9ca701055424cb0,issta2024_bugs_in_pods_understanding_bugs,runc,https://github.com/opencontainers/runc/commit/b247cd392a833b26751b946c4dec35126c40ec8b,runc bug fix b247cd392a833b26751b946c4dec35126c40ec8b
stage2,record_id,issta2024_bugs_in_pods_understanding_bugs:a9ca701055424cb0,issta2024_bugs_in_pods_understanding_bugs,runc,https://github.com/opencontainers/runc/commit/b247cd392a833b26751b946c4dec35126c40ec8b,runc bug fix b247cd392a833b26751b946c4dec35126c40ec8b
stage2,issue_url,ase2022_towards_understanding_the_faults_of:f27020c5714f455b,ase2022_towards_understanding_the_faults_of,tensorflow/tfjs,https://github.com/justadudewhohacks/face-api.js/issues/15,Safari performance is poor
stage2,issue_url,ase2022_towards_understanding_the_faults_of:f27020c5714f455b,ase2022_towards_understanding_the_faults_of,tensorflow/tfjs,https://github.com/justadudewhohacks/face-api.js/issues/15,Safari performance is poor
stage2,issue_url,ase2022_towards_understanding_the_faults_of:4729848a1dd4fbe7,ase2022_towards_understanding_the_faults_of,tensorflow/tfjs,https://github.com/justadudewhohacks/face-api.js/issues/169,Improve accuracy and stabilization?
stage2,issue_url,ase2022_towards_understanding_the_faults_of:4729848a1dd4fbe7,ase2022_towards_understanding_the_faults_of,tensorflow/tfjs,https://github.com/justadudewhohacks/face-api.js/issues/169,Improve accuracy and stabilization?
stage2,issue_url,ase2022_towards_understanding_the_faults_of:70991d1628f5d673,ase2022_towards_understanding_the_faults_of,tensorflow/tfjs,https://github.com/justadudewhohacks/face-api.js/issues/226,Performance issue on the firefox at low laptop of ThinkPad X201.
stage2,issue_url,ase2022_towards_understanding_the_faults_of:70991d1628f5d673,ase2022_towards_understanding_the_faults_of,tensorflow/tfjs,https://github.com/justadudewhohacks/face-api.js/issues/226,Performance issue on the firefox at low laptop of ThinkPad X201.
stage2,issue_url,ase2022_towards_understanding_the_faults_of:79624d80cc138767,ase2022_towards_understanding_the_faults_of,tensorflow/tfjs,https://github.com/justadudewhohacks/face-api.js/issues/719,multiply' not yet implemented or not found in the registry
stage2,issue_url,ase2022_towards_understanding_the_faults_of:79624d80cc138767,ase2022_towards_understanding_the_faults_of,tensorflow/tfjs,https://github.com/justadudewhohacks/face-api.js/issues/719,multiply' not yet implemented or not found in the registry
stage2,issue_url,ase2022_towards_understanding_the_faults_of:4ebcffb07f01236b,ase2022_towards_understanding_the_faults_of,tensorflow/tfjs,https://github.com/justadudewhohacks/tfjs-image-recognition-base/issues/3,Illegal Constructor' exception thrown when used in Electron renderer process
stage2,issue_url,ase2022_towards_understanding_the_faults_of:4ebcffb07f01236b,ase2022_towards_understanding_the_faults_of,tensorflow/tfjs,https://github.com/justadudewhohacks/tfjs-image-recognition-base/issues/3,Illegal Constructor' exception thrown when used in Electron renderer process
stage2,issue_url,ase2022_towards_understanding_the_faults_of:748c6f3f51218fa1,ase2022_towards_understanding_the_faults_of,tensorflow/tfjs,https://github.com/tensorflow/tfjs/issues/4337,tf.stridedSlice is not a function
stage2,issue_url,ase2022_towards_understanding_the_faults_of:748c6f3f51218fa1,ase2022_towards_understanding_the_faults_of,tensorflow/tfjs,https://github.com/tensorflow/tfjs/issues/4337,tf.stridedSlice is not a function
stage2,issue_url,ase2022_towards_understanding_the_faults_of:b40e87dbc737bfba,ase2022_towards_understanding_the_faults_of,tensorflow/tfjs,https://github.com/tensorflow/tfjs/issues/4418,tfjs 2.8.0 is broken and introduces regressions in tf.image.cropAndResize
stage2,issue_url,ase2022_towards_understanding_the_faults_of:b40e87dbc737bfba,ase2022_towards_understanding_the_faults_of,tensorflow/tfjs,https://github.com/tensorflow/tfjs/issues/4418,tfjs 2.8.0 is broken and introduces regressions in tf.image.cropAndResize
stage2,issue_url,ase2022_towards_understanding_the_faults_of:0c5b558dd8f54e9a,ase2022_towards_understanding_the_faults_of,tensorflow/tfjs,https://github.com/tensorflow/tfjs/issues/4429,tfjs 2.8.1 change in behavior in tf.reshape causes errors
stage2,issue_url,ase2022_towards_understanding_the_faults_of:0c5b558dd8f54e9a,ase2022_towards_understanding_the_faults_of,tensorflow/tfjs,https://github.com/tensorflow/tfjs/issues/4429,tfjs 2.8.1 change in behavior in tf.reshape causes errors
stage2,issue_url,ase2022_towards_understanding_the_faults_of:be7db2c1a76e6be7,ase2022_towards_understanding_the_faults_of,tensorflow/tfjs,https://github.com/tensorflow/tfjs/issues/4480,Error running LinSpace
stage2,issue_url,ase2022_towards_understanding_the_faults_of:be7db2c1a76e6be7,ase2022_towards_understanding_the_faults_of,tensorflow/tfjs,https://github.com/tensorflow/tfjs/issues/4480,Error running LinSpace
stage2,issue_url,ase2022_towards_understanding_the_faults_of:20649c011c44f356,ase2022_towards_understanding_the_faults_of,tensorflow/tfjs,https://github.com/tensorflow/tfjs/issues/4481,Use tfjs 2.8.2 executeAsync show 'length' undefined error
stage2,issue_url,ase2022_towards_understanding_the_faults_of:20649c011c44f356,ase2022_towards_understanding_the_faults_of,tensorflow/tfjs,https://github.com/tensorflow/tfjs/issues/4481,Use tfjs 2.8.2 executeAsync show 'length' undefined error
stage2,issue_url,ase2022_towards_understanding_the_faults_of:f44cec395a0d97b7,ase2022_towards_understanding_the_faults_of,tensorflow/tfjs,https://github.com/tensorflow/tfjs/issues/4719,"speech-commands demo failing with large training sets - with ""TypeError: n.array is not a function"""
stage2,issue_url,ase2022_towards_understanding_the_faults_of:f44cec395a0d97b7,ase2022_towards_understanding_the_faults_of,tensorflow/tfjs,https://github.com/tensorflow/tfjs/issues/4719,"speech-commands demo failing with large training sets - with ""TypeError: n.array is not a function"""
stage2,issue_url,ase2022_towards_understanding_the_faults_of:e93ea950a979abf0,ase2022_towards_understanding_the_faults_of,tensorflow/tfjs,https://github.com/tensorflow/tfjs/issues/5063,React Native with TypeScript tfjs-models/universal-sentence-encoder error on model load
stage2,issue_url,ase2022_towards_understanding_the_faults_of:e93ea950a979abf0,ase2022_towards_understanding_the_faults_of,tensorflow/tfjs,https://github.com/tensorflow/tfjs/issues/5063,React Native with TypeScript tfjs-models/universal-sentence-encoder error on model load
stage2,issue_url,ase2022_towards_understanding_the_faults_of:5e8591123b884be4,ase2022_towards_understanding_the_faults_of,tensorflow/tfjs,https://github.com/tensorflow/tfjs/issues/5246,Upgrading from 3.5.0 to 3.6.0 introduces shader compile error 'xTexelC8Ready' : undeclared identifier
stage2,issue_url,ase2022_towards_understanding_the_faults_of:5e8591123b884be4,ase2022_towards_understanding_the_faults_of,tensorflow/tfjs,https://github.com/tensorflow/tfjs/issues/5246,Upgrading from 3.5.0 to 3.6.0 introduces shader compile error 'xTexelC8Ready' : undeclared identifier
stage2,issue_url,ase2022_towards_understanding_the_faults_of:9dba05e6fd52bf88,ase2022_towards_understanding_the_faults_of,tensorflow/tfjs,https://github.com/tensorflow/tfjs/issues/5259,Error: Operands could not be broadcast together with shapes 1554 and 1554;2
stage2,issue_url,ase2022_towards_understanding_the_faults_of:9dba05e6fd52bf88,ase2022_towards_understanding_the_faults_of,tensorflow/tfjs,https://github.com/tensorflow/tfjs/issues/5259,Error: Operands could not be broadcast together with shapes 1554 and 1554;2
stage2,issue_url,ase2022_towards_understanding_the_faults_of:284fc6e2e6bab689,ase2022_towards_understanding_the_faults_of,tensorflow/tfjs,https://github.com/tensorflow/tfjs/issues/5377,How to use execute instead of executeAsync for object detection model?
stage2,issue_url,ase2022_towards_understanding_the_faults_of:284fc6e2e6bab689,ase2022_towards_understanding_the_faults_of,tensorflow/tfjs,https://github.com/tensorflow/tfjs/issues/5377,How to use execute instead of executeAsync for object detection model?
stage2,issue_url,ase2022_towards_understanding_the_faults_of:9ba9efd9a6ce40ce,ase2022_towards_understanding_the_faults_of,tensorflow/tfjs,https://github.com/tensorflow/tfjs/issues/5494,tfjs-backend-webgpu multiple issues
stage2,issue_url,ase2022_towards_understanding_the_faults_of:9ba9efd9a6ce40ce,ase2022_towards_understanding_the_faults_of,tensorflow/tfjs,https://github.com/tensorflow/tfjs/issues/5494,tfjs-backend-webgpu multiple issues
stage2,issue_url,ase2022_towards_understanding_the_faults_of:3c849807a76fc40c,ase2022_towards_understanding_the_faults_of,tensorflow/tfjs,https://github.com/tensorspace-team/tensorspace/issues/126,Functional Model predict render bug
stage2,issue_url,ase2022_towards_understanding_the_faults_of:3c849807a76fc40c,ase2022_towards_understanding_the_faults_of,tensorflow/tfjs,https://github.com/tensorspace-team/tensorspace/issues/126,Functional Model predict render bug
stage2,issue_url,icse2021_iot_bugs_and_development_challenges:293b500ccedff79f,icse2021_iot_bugs_and_development_challenges,iot_projects,https://github.com/homieiot/homie-esp8266/issues/575,HOMIE-ESP8266/575
stage2,issue_url,icse2021_iot_bugs_and_development_challenges:293b500ccedff79f,icse2021_iot_bugs_and_development_challenges,iot_projects,https://github.com/homieiot/homie-esp8266/issues/575,HOMIE-ESP8266/575
stage2,issue_url,icse2021_iot_bugs_and_development_challenges:c3c1e91467dc47d8,icse2021_iot_bugs_and_development_challenges,iot_projects,https://github.com/pliablepixels/zmNinja/issues/459,ZMNINJA/459
stage2,issue_url,icse2021_iot_bugs_and_development_challenges:c3c1e91467dc47d8,icse2021_iot_bugs_and_development_challenges,iot_projects,https://github.com/pliablepixels/zmNinja/issues/459,ZMNINJA/459
stage2,issue_url,icse2021_iot_bugs_and_development_challenges:57a9d424ff0558f8,icse2021_iot_bugs_and_development_challenges,iot_projects,https://github.com/yodaos-project/yoda.js/issues/780,YODA.JS/780
stage2,issue_url,icse2021_iot_bugs_and_development_challenges:57a9d424ff0558f8,icse2021_iot_bugs_and_development_challenges,iot_projects,https://github.com/yodaos-project/yoda.js/issues/780,YODA.JS/780
stage2,issue_url,icse2022_an_empirical_study_on_performance:332560cc07bd3d21,icse2022_an_empirical_study_on_performance,dl_framework_perf,https://github.com/pytorch/pytorch/issues/17501,Pytorch performance bug 17501
stage2,issue_url,icse2022_an_empirical_study_on_performance:25568a7729447e9a,icse2022_an_empirical_study_on_performance,dl_framework_perf,https://github.com/pytorch/pytorch/issues/18853,Pytorch performance bug 18853
stage2,issue_url,icse2022_an_empirical_study_on_performance:f2760512ca863147,icse2022_an_empirical_study_on_performance,dl_framework_perf,https://github.com/pytorch/pytorch/issues/21344,Pytorch performance bug 21344
stage2,issue_url,icse2022_an_empirical_study_on_performance:691447dbacec4ea9,icse2022_an_empirical_study_on_performance,dl_framework_perf,https://github.com/pytorch/pytorch/issues/24200,Pytorch performance bug 24200
stage2,issue_url,icse2022_an_empirical_study_on_performance:f2d4ab481a02696c,icse2022_an_empirical_study_on_performance,dl_framework_perf,https://github.com/pytorch/pytorch/issues/25010,Pytorch performance bug 25010
stage2,issue_url,icse2022_an_empirical_study_on_performance:d79c1c462f49ebe1,icse2022_an_empirical_study_on_performance,dl_framework_perf,https://github.com/pytorch/pytorch/issues/31690,Pytorch performance bug 31690
stage2,issue_url,icse2022_an_empirical_study_on_performance:69a8449d07e238ec,icse2022_an_empirical_study_on_performance,dl_framework_perf,https://github.com/pytorch/pytorch/issues/35901,Pytorch performance bug 35901
stage2,issue_url,icse2022_an_empirical_study_on_performance:be0f9fe6d92099c9,icse2022_an_empirical_study_on_performance,dl_framework_perf,https://github.com/pytorch/pytorch/issues/37583,Pytorch performance bug 37583
stage2,issue_url,icse2022_an_empirical_study_on_performance:b0b118d4e0b79b4a,icse2022_an_empirical_study_on_performance,dl_framework_perf,https://github.com/pytorch/pytorch/issues/38915,Pytorch performance bug 38915
stage2,issue_url,icse2022_an_empirical_study_on_performance:f53cb2b19633fea0,icse2022_an_empirical_study_on_performance,dl_framework_perf,https://github.com/pytorch/pytorch/issues/41865,Pytorch performance bug 41865
stage2,issue_url,icse2022_an_empirical_study_on_performance:5fdfd088087fc6b2,icse2022_an_empirical_study_on_performance,dl_framework_perf,https://github.com/pytorch/pytorch/issues/42265,Pytorch performance bug 42265
stage2,issue_url,icse2022_an_empirical_study_on_performance:ba273ea27a9817be,icse2022_an_empirical_study_on_performance,dl_framework_perf,https://github.com/pytorch/pytorch/issues/48049,Pytorch performance bug 48049
stage2,issue_url,icse2022_an_empirical_study_on_performance:dff227004fba1586,icse2022_an_empirical_study_on_performance,dl_framework_perf,https://github.com/pytorch/pytorch/issues/51349,Pytorch performance bug 51349
stage2,issue_url,icse2022_an_empirical_study_on_performance:2fc343e8a15c8e14,icse2022_an_empirical_study_on_performance,dl_framework_perf,https://github.com/pytorch/pytorch/issues/8817,Pytorch performance bug 8817
stage2,issue_url,icse2023_an_empirical_study_on_bugs:332560cc07bd3d21,icse2023_an_empirical_study_on_bugs,pytorch,https://github.com/pytorch/pytorch/issues/17501,PyTorch issue 17501
stage2,issue_url,icse2023_an_empirical_study_on_bugs:25568a7729447e9a,icse2023_an_empirical_study_on_bugs,pytorch,https://github.com/pytorch/pytorch/issues/18853,PyTorch issue 18853
stage2,issue_url,icse2023_an_empirical_study_on_bugs:f2760512ca863147,icse2023_an_empirical_study_on_bugs,pytorch,https://github.com/pytorch/pytorch/issues/21344,PyTorch issue 21344
stage2,issue_url,icse2023_an_empirical_study_on_bugs:691447dbacec4ea9,icse2023_an_empirical_study_on_bugs,pytorch,https://github.com/pytorch/pytorch/issues/24200,PyTorch issue 24200
stage2,issue_url,icse2023_an_empirical_study_on_bugs:f2d4ab481a02696c,icse2023_an_empirical_study_on_bugs,pytorch,https://github.com/pytorch/pytorch/issues/25010,PyTorch issue 25010
stage2,issue_url,icse2023_an_empirical_study_on_bugs:d79c1c462f49ebe1,icse2023_an_empirical_study_on_bugs,pytorch,https://github.com/pytorch/pytorch/issues/31690,PyTorch issue 31690
stage2,issue_url,icse2023_an_empirical_study_on_bugs:69a8449d07e238ec,icse2023_an_empirical_study_on_bugs,pytorch,https://github.com/pytorch/pytorch/issues/35901,PyTorch issue 35901
stage2,issue_url,icse2023_an_empirical_study_on_bugs:be0f9fe6d92099c9,icse2023_an_empirical_study_on_bugs,pytorch,https://github.com/pytorch/pytorch/issues/37583,PyTorch issue 37583
stage2,issue_url,icse2023_an_empirical_study_on_bugs:b0b118d4e0b79b4a,icse2023_an_empirical_study_on_bugs,pytorch,https://github.com/pytorch/pytorch/issues/38915,PyTorch issue 38915
stage2,issue_url,icse2023_an_empirical_study_on_bugs:f53cb2b19633fea0,icse2023_an_empirical_study_on_bugs,pytorch,https://github.com/pytorch/pytorch/issues/41865,PyTorch issue 41865
stage2,issue_url,icse2023_an_empirical_study_on_bugs:5fdfd088087fc6b2,icse2023_an_empirical_study_on_bugs,pytorch,https://github.com/pytorch/pytorch/issues/42265,PyTorch issue 42265
stage2,issue_url,icse2023_an_empirical_study_on_bugs:ba273ea27a9817be,icse2023_an_empirical_study_on_bugs,pytorch,https://github.com/pytorch/pytorch/issues/48049,PyTorch issue 48049
stage2,issue_url,icse2023_an_empirical_study_on_bugs:dff227004fba1586,icse2023_an_empirical_study_on_bugs,pytorch,https://github.com/pytorch/pytorch/issues/51349,PyTorch issue 51349
stage2,issue_url,icse2023_an_empirical_study_on_bugs:2fc343e8a15c8e14,icse2023_an_empirical_study_on_bugs,pytorch,https://github.com/pytorch/pytorch/issues/8817,PyTorch issue 8817
stage2,issue_url,issta2024_bugs_in_pods_understanding_bugs:3227478d59f7deb6,issta2024_bugs_in_pods_understanding_bugs,runc,https://github.com/opencontainers/runc/commit/515082102e08250f13df90426b80d58221f0636e,runc bug fix 515082102e08250f13df90426b80d58221f0636e
stage2,issue_url,issta2024_bugs_in_pods_understanding_bugs:3227478d59f7deb6,issta2024_bugs_in_pods_understanding_bugs,runc,https://github.com/opencontainers/runc/commit/515082102e08250f13df90426b80d58221f0636e,runc bug fix 515082102e08250f13df90426b80d58221f0636e
stage2,issue_url,issta2024_bugs_in_pods_understanding_bugs:a9ca701055424cb0,issta2024_bugs_in_pods_understanding_bugs,runc,https://github.com/opencontainers/runc/commit/b247cd392a833b26751b946c4dec35126c40ec8b,runc bug fix b247cd392a833b26751b946c4dec35126c40ec8b
stage2,issue_url,issta2024_bugs_in_pods_understanding_bugs:a9ca701055424cb0,issta2024_bugs_in_pods_understanding_bugs,runc,https://github.com/opencontainers/runc/commit/b247cd392a833b26751b946c4dec35126c40ec8b,runc bug fix b247cd392a833b26751b946c4dec35126c40ec8b
stage3,record_id,icse2022_an_empirical_study_on_performance:1bec8f0ceac138a8,icse2022_an_empirical_study_on_performance,dl_framework_perf,https://github.com/pytorch/pytorch/issues/23580,Pytorch performance bug 23580
stage3,record_id,icse2022_an_empirical_study_on_performance:1bec8f0ceac138a8,icse2022_an_empirical_study_on_performance,dl_framework_perf,https://github.com/pytorch/pytorch/issues/23580,Pytorch performance bug 23580
stage3,record_id,icse2022_an_empirical_study_on_performance:a9691d0783ebcbb7,icse2022_an_empirical_study_on_performance,dl_framework_perf,https://github.com/tensorflow/tensorflow/issues/14800,TensorFlow performance bug 14800
stage3,record_id,icse2022_an_empirical_study_on_performance:a9691d0783ebcbb7,icse2022_an_empirical_study_on_performance,dl_framework_perf,https://github.com/tensorflow/tensorflow/issues/14800,TensorFlow performance bug 14800
stage3,record_id,icse2022_an_empirical_study_on_performance:a9691d0783ebcbb7,icse2022_an_empirical_study_on_performance,dl_framework_perf,https://github.com/tensorflow/tensorflow/issues/14800,TensorFlow performance bug 14800
stage3,record_id,icse2022_an_empirical_study_on_performance:a9691d0783ebcbb7,icse2022_an_empirical_study_on_performance,dl_framework_perf,https://github.com/tensorflow/tensorflow/issues/14800,TensorFlow performance bug 14800
stage3,record_id,icse2022_an_empirical_study_on_performance:7f0386293ad666bb,icse2022_an_empirical_study_on_performance,dl_framework_perf,https://github.com/tensorflow/tensorflow/issues/20218,TensorFlow performance bug 20218
stage3,record_id,icse2022_an_empirical_study_on_performance:7f0386293ad666bb,icse2022_an_empirical_study_on_performance,dl_framework_perf,https://github.com/tensorflow/tensorflow/issues/20218,TensorFlow performance bug 20218
stage3,record_id,icse2022_an_empirical_study_on_performance:044cbaf8ca7de59d,icse2022_an_empirical_study_on_performance,dl_framework_perf,https://github.com/tensorflow/tensorflow/issues/41934,TensorFlow performance bug 41934
stage3,record_id,icse2022_an_empirical_study_on_performance:044cbaf8ca7de59d,icse2022_an_empirical_study_on_performance,dl_framework_perf,https://github.com/tensorflow/tensorflow/issues/41934,TensorFlow performance bug 41934
stage3,record_id,issta2024_bugs_in_pods_understanding_bugs:3cebd7906dc84bc5,issta2024_bugs_in_pods_understanding_bugs,runc,https://github.com/opencontainers/runc/commit/515082102e08250f13df90426b80d58221f0636e,runc bug fix 515082102e08250f13df90426b80d58221f0636e
stage3,record_id,issta2024_bugs_in_pods_understanding_bugs:3cebd7906dc84bc5,issta2024_bugs_in_pods_understanding_bugs,runc,https://github.com/opencontainers/runc/commit/515082102e08250f13df90426b80d58221f0636e,runc bug fix 515082102e08250f13df90426b80d58221f0636e
stage3,record_id,issta2024_bugs_in_pods_understanding_bugs:54f359ffd9c7742a,issta2024_bugs_in_pods_understanding_bugs,runc,https://github.com/opencontainers/runc/commit/b247cd392a833b26751b946c4dec35126c40ec8b,runc bug fix b247cd392a833b26751b946c4dec35126c40ec8b
stage3,record_id,issta2024_bugs_in_pods_understanding_bugs:54f359ffd9c7742a,issta2024_bugs_in_pods_understanding_bugs,runc,https://github.com/opencontainers/runc/commit/b247cd392a833b26751b946c4dec35126c40ec8b,runc bug fix b247cd392a833b26751b946c4dec35126c40ec8b
stage3,issue_url,icse2022_an_empirical_study_on_performance:25568a7729447e9a,icse2022_an_empirical_study_on_performance,dl_framework_perf,https://github.com/pytorch/pytorch/issues/18853,Pytorch performance bug 18853
stage3,issue_url,icse2022_an_empirical_study_on_performance:1bec8f0ceac138a8,icse2022_an_empirical_study_on_performance,dl_framework_perf,https://github.com/pytorch/pytorch/issues/23580,Pytorch performance bug 23580
stage3,issue_url,icse2022_an_empirical_study_on_performance:1bec8f0ceac138a8,icse2022_an_empirical_study_on_performance,dl_framework_perf,https://github.com/pytorch/pytorch/issues/23580,Pytorch performance bug 23580
stage3,issue_url,icse2022_an_empirical_study_on_performance:691447dbacec4ea9,icse2022_an_empirical_study_on_performance,dl_framework_perf,https://github.com/pytorch/pytorch/issues/24200,Pytorch performance bug 24200
stage3,issue_url,icse2022_an_empirical_study_on_performance:f2d4ab481a02696c,icse2022_an_empirical_study_on_performance,dl_framework_perf,https://github.com/pytorch/pytorch/issues/25010,Pytorch performance bug 25010
stage3,issue_url,icse2022_an_empirical_study_on_performance:d79c1c462f49ebe1,icse2022_an_empirical_study_on_performance,dl_framework_perf,https://github.com/pytorch/pytorch/issues/31690,Pytorch performance bug 31690
stage3,issue_url,icse2022_an_empirical_study_on_performance:f53cb2b19633fea0,icse2022_an_empirical_study_on_performance,dl_framework_perf,https://github.com/pytorch/pytorch/issues/41865,Pytorch performance bug 41865
stage3,issue_url,icse2022_an_empirical_study_on_performance:5fdfd088087fc6b2,icse2022_an_empirical_study_on_performance,dl_framework_perf,https://github.com/pytorch/pytorch/issues/42265,Pytorch performance bug 42265
stage3,issue_url,icse2022_an_empirical_study_on_performance:ba273ea27a9817be,icse2022_an_empirical_study_on_performance,dl_framework_perf,https://github.com/pytorch/pytorch/issues/48049,Pytorch performance bug 48049
stage3,issue_url,icse2022_an_empirical_study_on_performance:dff227004fba1586,icse2022_an_empirical_study_on_performance,dl_framework_perf,https://github.com/pytorch/pytorch/issues/51349,Pytorch performance bug 51349
stage3,issue_url,icse2022_an_empirical_study_on_performance:2fc343e8a15c8e14,icse2022_an_empirical_study_on_performance,dl_framework_perf,https://github.com/pytorch/pytorch/issues/8817,Pytorch performance bug 8817
stage3,issue_url,icse2022_an_empirical_study_on_performance:a9691d0783ebcbb7,icse2022_an_empirical_study_on_performance,dl_framework_perf,https://github.com/tensorflow/tensorflow/issues/14800,TensorFlow performance bug 14800
stage3,issue_url,icse2022_an_empirical_study_on_performance:a9691d0783ebcbb7,icse2022_an_empirical_study_on_performance,dl_framework_perf,https://github.com/tensorflow/tensorflow/issues/14800,TensorFlow performance bug 14800
stage3,issue_url,icse2022_an_empirical_study_on_performance:a9691d0783ebcbb7,icse2022_an_empirical_study_on_performance,dl_framework_perf,https://github.com/tensorflow/tensorflow/issues/14800,TensorFlow performance bug 14800
stage3,issue_url,icse2022_an_empirical_study_on_performance:a9691d0783ebcbb7,icse2022_an_empirical_study_on_performance,dl_framework_perf,https://github.com/tensorflow/tensorflow/issues/14800,TensorFlow performance bug 14800
stage3,issue_url,icse2022_an_empirical_study_on_performance:63d4d75ede7a775f,icse2022_an_empirical_study_on_performance,dl_framework_perf,https://github.com/tensorflow/tensorflow/issues/19385 (2 bugs),TensorFlow performance bug 19385 (2 bugs)
stage3,issue_url,icse2022_an_empirical_study_on_performance:b0bde081f420beaa,icse2022_an_empirical_study_on_performance,dl_framework_perf,https://github.com/tensorflow/tensorflow/issues/19385 (2 bugs),TensorFlow performance bug 19385 (2 bugs)
stage3,issue_url,icse2022_an_empirical_study_on_performance:7f0386293ad666bb,icse2022_an_empirical_study_on_performance,dl_framework_perf,https://github.com/tensorflow/tensorflow/issues/20218,TensorFlow performance bug 20218
stage3,issue_url,icse2022_an_empirical_study_on_performance:7f0386293ad666bb,icse2022_an_empirical_study_on_performance,dl_framework_perf,https://github.com/tensorflow/tensorflow/issues/20218,TensorFlow performance bug 20218
stage3,issue_url,icse2022_an_empirical_study_on_performance:044cbaf8ca7de59d,icse2022_an_empirical_study_on_performance,dl_framework_perf,https://github.com/tensorflow/tensorflow/issues/41934,TensorFlow performance bug 41934
stage3,issue_url,icse2022_an_empirical_study_on_performance:044cbaf8ca7de59d,icse2022_an_empirical_study_on_performance,dl_framework_perf,https://github.com/tensorflow/tensorflow/issues/41934,TensorFlow performance bug 41934
stage3,issue_url,icse2023_an_empirical_study_on_bugs:25568a7729447e9a,icse2023_an_empirical_study_on_bugs,pytorch,https://github.com/pytorch/pytorch/issues/18853,PyTorch issue 18853
stage3,issue_url,icse2023_an_empirical_study_on_bugs:691447dbacec4ea9,icse2023_an_empirical_study_on_bugs,pytorch,https://github.com/pytorch/pytorch/issues/24200,PyTorch issue 24200
stage3,issue_url,icse2023_an_empirical_study_on_bugs:f2d4ab481a02696c,icse2023_an_empirical_study_on_bugs,pytorch,https://github.com/pytorch/pytorch/issues/25010,PyTorch issue 25010
stage3,issue_url,icse2023_an_empirical_study_on_bugs:d79c1c462f49ebe1,icse2023_an_empirical_study_on_bugs,pytorch,https://github.com/pytorch/pytorch/issues/31690,PyTorch issue 31690
stage3,issue_url,icse2023_an_empirical_study_on_bugs:f53cb2b19633fea0,icse2023_an_empirical_study_on_bugs,pytorch,https://github.com/pytorch/pytorch/issues/41865,PyTorch issue 41865
stage3,issue_url,icse2023_an_empirical_study_on_bugs:5fdfd088087fc6b2,icse2023_an_empirical_study_on_bugs,pytorch,https://github.com/pytorch/pytorch/issues/42265,PyTorch issue 42265
stage3,issue_url,icse2023_an_empirical_study_on_bugs:ba273ea27a9817be,icse2023_an_empirical_study_on_bugs,pytorch,https://github.com/pytorch/pytorch/issues/48049,PyTorch issue 48049
stage3,issue_url,icse2023_an_empirical_study_on_bugs:dff227004fba1586,icse2023_an_empirical_study_on_bugs,pytorch,https://github.com/pytorch/pytorch/issues/51349,PyTorch issue 51349
stage3,issue_url,icse2023_an_empirical_study_on_bugs:2fc343e8a15c8e14,icse2023_an_empirical_study_on_bugs,pytorch,https://github.com/pytorch/pytorch/issues/8817,PyTorch issue 8817
stage3,issue_url,issta2024_bugs_in_pods_understanding_bugs:3cebd7906dc84bc5,issta2024_bugs_in_pods_understanding_bugs,runc,https://github.com/opencontainers/runc/commit/515082102e08250f13df90426b80d58221f0636e,runc bug fix 515082102e08250f13df90426b80d58221f0636e
stage3,issue_url,issta2024_bugs_in_pods_understanding_bugs:3cebd7906dc84bc5,issta2024_bugs_in_pods_understanding_bugs,runc,https://github.com/opencontainers/runc/commit/515082102e08250f13df90426b80d58221f0636e,runc bug fix 515082102e08250f13df90426b80d58221f0636e
stage3,issue_url,issta2024_bugs_in_pods_understanding_bugs:54f359ffd9c7742a,issta2024_bugs_in_pods_understanding_bugs,runc,https://github.com/opencontainers/runc/commit/b247cd392a833b26751b946c4dec35126c40ec8b,runc bug fix b247cd392a833b26751b946c4dec35126c40ec8b
stage3,issue_url,issta2024_bugs_in_pods_understanding_bugs:54f359ffd9c7742a,issta2024_bugs_in_pods_understanding_bugs,runc,https://github.com/opencontainers/runc/commit/b247cd392a833b26751b946c4dec35126c40ec8b,runc bug fix b247cd392a833b26751b946c4dec35126c40ec8b
