record_id,paper_id,source_project,issue_url,title,body,comments,created_at,updated_at,state,symptom,root_cause,bug_type,component,sub_component,trigger_condition,consequence,fix_type,severity_or_impact,original_label_json,source_file,source_sheet,source_row_index
fse2021_an_exploratory_study_of_autopilot:f487529d98e03aa9,fse2021_an_exploratory_study_of_autopilot,Ardupilot,https://github.com/ArduPilot/ardupilot/issues/12921,https://github.com/ArduPilot/ardupilot/issues/12921,some parameters are being copied as part of the upgrade from Copter-3.6.x to Copter-4.0 some are not,no_comments_in_source,not_available_in_source,not_available_in_source,not_available_in_source,some parameters are being copied as part of the upgrade from Copter-3.6.x to Copter-4.0 some are not,parameter,parameter,Ardupilot,,,,,,"{""stage"": ""stage2""}",data/raw_stage1/fse2021_an_exploratory_study_of_autopilot/bugSetAndTaxonomy-3_2.zip,bugTaxonomy/3rd iteration(result).xlsx,65.0
fse2021_an_exploratory_study_of_autopilot:978d3b8a7a5376f1,fse2021_an_exploratory_study_of_autopilot,Ardupilot,https://github.com/ArduPilot/ardupilot/pull/10041,https://github.com/ArduPilot/ardupilot/pull/10041,second swashplate not being scaled to the H_COL2_MIN and H_COL2_MAX parameters.,no_comments_in_source,not_available_in_source,not_available_in_source,not_available_in_source,second swashplate not being scaled to the H_COL2_MIN and H_COL2_MAX parameters.,limit,limit,Ardupilot,,,,,,"{""stage"": ""stage2""}",data/raw_stage1/fse2021_an_exploratory_study_of_autopilot/bugSetAndTaxonomy-3_2.zip,bugTaxonomy/3rd iteration(result).xlsx,66.0
fse2021_an_exploratory_study_of_autopilot:694ab29e4086c251,fse2021_an_exploratory_study_of_autopilot,Ardupilot,https://github.com/ArduPilot/ardupilot/pull/10170,https://github.com/ArduPilot/ardupilot/pull/10170,ser needs to be able to set parameters,no_comments_in_source,not_available_in_source,not_available_in_source,not_available_in_source,ser needs to be able to set parameters,parameter,parameter,Ardupilot,,,,,,"{""stage"": ""stage2""}",data/raw_stage1/fse2021_an_exploratory_study_of_autopilot/bugSetAndTaxonomy-3_2.zip,bugTaxonomy/3rd iteration(result).xlsx,67.0
fse2021_an_exploratory_study_of_autopilot:8fda016e3f86ae90,fse2021_an_exploratory_study_of_autopilot,Ardupilot,https://github.com/ArduPilot/ardupilot/pull/10233,https://github.com/ArduPilot/ardupilot/pull/10233,send multiple parameters,no_comments_in_source,not_available_in_source,not_available_in_source,not_available_in_source,send multiple parameters,parameter,parameter,Ardupilot,,,,,,"{""stage"": ""stage2""}",data/raw_stage1/fse2021_an_exploratory_study_of_autopilot/bugSetAndTaxonomy-3_2.zip,bugTaxonomy/3rd iteration(result).xlsx,68.0
fse2021_an_exploratory_study_of_autopilot:77b875accba72df8,fse2021_an_exploratory_study_of_autopilot,Ardupilot,https://github.com/ArduPilot/ardupilot/pull/10397,https://github.com/ArduPilot/ardupilot/pull/10397,limit logic for left/right throttles,no_comments_in_source,not_available_in_source,not_available_in_source,not_available_in_source,limit logic for left/right throttles,limit,limit,Ardupilot,,,,,,"{""stage"": ""stage2""}",data/raw_stage1/fse2021_an_exploratory_study_of_autopilot/bugSetAndTaxonomy-3_2.zip,bugTaxonomy/3rd iteration(result).xlsx,69.0
fse2021_an_exploratory_study_of_autopilot:1e528668fc7e2946,fse2021_an_exploratory_study_of_autopilot,Ardupilot,https://github.com/ArduPilot/ardupilot/pull/10404,https://github.com/ArduPilot/ardupilot/pull/10404,mini-pix uart order,no_comments_in_source,not_available_in_source,not_available_in_source,not_available_in_source,mini-pix uart order,priority,priority,Ardupilot,,,,,,"{""stage"": ""stage2""}",data/raw_stage1/fse2021_an_exploratory_study_of_autopilot/bugSetAndTaxonomy-3_2.zip,bugTaxonomy/3rd iteration(result).xlsx,70.0
fse2021_an_exploratory_study_of_autopilot:fd4c61d3ff95dd39,fse2021_an_exploratory_study_of_autopilot,Ardupilot,https://github.com/ArduPilot/ardupilot/pull/10456,https://github.com/ArduPilot/ardupilot/pull/10456,"not clear, need discussion",no_comments_in_source,not_available_in_source,not_available_in_source,not_available_in_source,"not clear, need discussion",parameter,parameter,Ardupilot,,,,,,"{""stage"": ""stage2""}",data/raw_stage1/fse2021_an_exploratory_study_of_autopilot/bugSetAndTaxonomy-3_2.zip,bugTaxonomy/3rd iteration(result).xlsx,71.0
fse2021_an_exploratory_study_of_autopilot:02cac67ef9b05f39,fse2021_an_exploratory_study_of_autopilot,Ardupilot,https://github.com/ArduPilot/ardupilot/pull/10539,https://github.com/ArduPilot/ardupilot/pull/10539,estimator use of optical flow data,no_comments_in_source,not_available_in_source,not_available_in_source,not_available_in_source,estimator use of optical flow data,math,math,Ardupilot,,,,,,"{""stage"": ""stage2""}",data/raw_stage1/fse2021_an_exploratory_study_of_autopilot/bugSetAndTaxonomy-3_2.zip,bugTaxonomy/3rd iteration(result).xlsx,72.0
fse2021_an_exploratory_study_of_autopilot:56edb5fbf87af58c,fse2021_an_exploratory_study_of_autopilot,Ardupilot,https://github.com/ArduPilot/ardupilot/pull/10958,https://github.com/ArduPilot/ardupilot/pull/10958,changes from rate-limited to non-limited,no_comments_in_source,not_available_in_source,not_available_in_source,not_available_in_source,changes from rate-limited to non-limited,limit,limit,Ardupilot,,,,,,"{""stage"": ""stage2""}",data/raw_stage1/fse2021_an_exploratory_study_of_autopilot/bugSetAndTaxonomy-3_2.zip,bugTaxonomy/3rd iteration(result).xlsx,73.0
fse2021_an_exploratory_study_of_autopilot:d7b1395854c93136,fse2021_an_exploratory_study_of_autopilot,Ardupilot,https://github.com/ArduPilot/ardupilot/pull/11059,https://github.com/ArduPilot/ardupilot/pull/11059,constrains throttle to between thr_min and thr_max in FBWA/SATABILIZE ect,no_comments_in_source,not_available_in_source,not_available_in_source,not_available_in_source,constrains throttle to between thr_min and thr_max in FBWA/SATABILIZE ect,limit,limit,Ardupilot,,,,,,"{""stage"": ""stage2""}",data/raw_stage1/fse2021_an_exploratory_study_of_autopilot/bugSetAndTaxonomy-3_2.zip,bugTaxonomy/3rd iteration(result).xlsx,74.0
fse2021_an_exploratory_study_of_autopilot:5166592c6d4d9060,fse2021_an_exploratory_study_of_autopilot,Ardupilot,https://github.com/ArduPilot/ardupilot/pull/11110,https://github.com/ArduPilot/ardupilot/pull/11110,reinstate tailsitter roll limit,no_comments_in_source,not_available_in_source,not_available_in_source,not_available_in_source,reinstate tailsitter roll limit,limit,limit,Ardupilot,,,,,,"{""stage"": ""stage2""}",data/raw_stage1/fse2021_an_exploratory_study_of_autopilot/bugSetAndTaxonomy-3_2.zip,bugTaxonomy/3rd iteration(result).xlsx,75.0
fse2021_an_exploratory_study_of_autopilot:159abd25bc11e98e,fse2021_an_exploratory_study_of_autopilot,Ardupilot,https://github.com/ArduPilot/ardupilot/pull/11208,https://github.com/ArduPilot/ardupilot/pull/11208,initialise battery,no_comments_in_source,not_available_in_source,not_available_in_source,not_available_in_source,initialise battery,initialization,initialization,Ardupilot,,,,,,"{""stage"": ""stage2""}",data/raw_stage1/fse2021_an_exploratory_study_of_autopilot/bugSetAndTaxonomy-3_2.zip,bugTaxonomy/3rd iteration(result).xlsx,76.0
fse2021_an_exploratory_study_of_autopilot:89ffcc9af3435472,fse2021_an_exploratory_study_of_autopilot,Ardupilot,https://github.com/ArduPilot/ardupilot/pull/11237,https://github.com/ArduPilot/ardupilot/pull/11237,move rate limit,no_comments_in_source,not_available_in_source,not_available_in_source,not_available_in_source,move rate limit,limit,limit,Ardupilot,,,,,,"{""stage"": ""stage2""}",data/raw_stage1/fse2021_an_exploratory_study_of_autopilot/bugSetAndTaxonomy-3_2.zip,bugTaxonomy/3rd iteration(result).xlsx,77.0
fse2021_an_exploratory_study_of_autopilot:ba5c4f77bb851f82,fse2021_an_exploratory_study_of_autopilot,Ardupilot,https://github.com/ArduPilot/ardupilot/pull/11315,https://github.com/ArduPilot/ardupilot/pull/11315,"not clear, need discussion",no_comments_in_source,not_available_in_source,not_available_in_source,not_available_in_source,"not clear, need discussion",parameter,parameter,Ardupilot,,,,,,"{""stage"": ""stage2""}",data/raw_stage1/fse2021_an_exploratory_study_of_autopilot/bugSetAndTaxonomy-3_2.zip,bugTaxonomy/3rd iteration(result).xlsx,78.0
fse2021_an_exploratory_study_of_autopilot:692cf52606889fbd,fse2021_an_exploratory_study_of_autopilot,Ardupilot,https://github.com/ArduPilot/ardupilot/pull/11361,https://github.com/ArduPilot/ardupilot/pull/11361,"not clear, need discussion",no_comments_in_source,not_available_in_source,not_available_in_source,not_available_in_source,"not clear, need discussion",hardware,hardware,Ardupilot,,,,,,"{""stage"": ""stage2""}",data/raw_stage1/fse2021_an_exploratory_study_of_autopilot/bugSetAndTaxonomy-3_2.zip,bugTaxonomy/3rd iteration(result).xlsx,79.0
fse2021_an_exploratory_study_of_autopilot:f789fa99c2e89bfb,fse2021_an_exploratory_study_of_autopilot,Ardupilot,https://github.com/ArduPilot/ardupilot/pull/11563,https://github.com/ArduPilot/ardupilot/pull/11563,modifies the calculation of the margin from the polygon fence to be the negative of the closest point,no_comments_in_source,not_available_in_source,not_available_in_source,not_available_in_source,modifies the calculation of the margin from the polygon fence to be the negative of the closest point,math,math,Ardupilot,,,,,,"{""stage"": ""stage2""}",data/raw_stage1/fse2021_an_exploratory_study_of_autopilot/bugSetAndTaxonomy-3_2.zip,bugTaxonomy/3rd iteration(result).xlsx,80.0
fse2021_an_exploratory_study_of_autopilot:46e860152d0ddc7a,fse2021_an_exploratory_study_of_autopilot,Ardupilot,https://github.com/ArduPilot/ardupilot/pull/11645,https://github.com/ArduPilot/ardupilot/pull/11645,voltage sensor connected to fmu adc,no_comments_in_source,not_available_in_source,not_available_in_source,not_available_in_source,voltage sensor connected to fmu adc,hardware,hardware,Ardupilot,,,,,,"{""stage"": ""stage2""}",data/raw_stage1/fse2021_an_exploratory_study_of_autopilot/bugSetAndTaxonomy-3_2.zip,bugTaxonomy/3rd iteration(result).xlsx,81.0
fse2021_an_exploratory_study_of_autopilot:48167845031044b0,fse2021_an_exploratory_study_of_autopilot,Ardupilot,https://github.com/ArduPilot/ardupilot/pull/11693,https://github.com/ArduPilot/ardupilot/pull/11693,"not clear, need discussion",no_comments_in_source,not_available_in_source,not_available_in_source,not_available_in_source,"not clear, need discussion",parameter,parameter,Ardupilot,,,,,,"{""stage"": ""stage2""}",data/raw_stage1/fse2021_an_exploratory_study_of_autopilot/bugSetAndTaxonomy-3_2.zip,bugTaxonomy/3rd iteration(result).xlsx,82.0
fse2021_an_exploratory_study_of_autopilot:e27a7e35b97da3b3,fse2021_an_exploratory_study_of_autopilot,Ardupilot,https://github.com/ArduPilot/ardupilot/pull/11728,https://github.com/ArduPilot/ardupilot/pull/11728,"not clear, need discussion",no_comments_in_source,not_available_in_source,not_available_in_source,not_available_in_source,"not clear, need discussion",limit,limit,Ardupilot,,,,,,"{""stage"": ""stage2""}",data/raw_stage1/fse2021_an_exploratory_study_of_autopilot/bugSetAndTaxonomy-3_2.zip,bugTaxonomy/3rd iteration(result).xlsx,83.0
fse2021_an_exploratory_study_of_autopilot:361a7143728c7e93,fse2021_an_exploratory_study_of_autopilot,Ardupilot,https://github.com/ArduPilot/ardupilot/pull/11730,https://github.com/ArduPilot/ardupilot/pull/11730,pitch constraint,no_comments_in_source,not_available_in_source,not_available_in_source,not_available_in_source,pitch constraint,limit,limit,Ardupilot,,,,,,"{""stage"": ""stage2""}",data/raw_stage1/fse2021_an_exploratory_study_of_autopilot/bugSetAndTaxonomy-3_2.zip,bugTaxonomy/3rd iteration(result).xlsx,84.0
fse2021_an_exploratory_study_of_autopilot:947e09b02301f744,fse2021_an_exploratory_study_of_autopilot,Ardupilot,https://github.com/ArduPilot/ardupilot/pull/11856,https://github.com/ArduPilot/ardupilot/pull/11856,the main loop was being slowed down during the motor test,no_comments_in_source,not_available_in_source,not_available_in_source,not_available_in_source,the main loop was being slowed down during the motor test,initlization,initlization,Ardupilot,,,,,,"{""stage"": ""stage2""}",data/raw_stage1/fse2021_an_exploratory_study_of_autopilot/bugSetAndTaxonomy-3_2.zip,bugTaxonomy/3rd iteration(result).xlsx,85.0
fse2021_an_exploratory_study_of_autopilot:7187987084ce8630,fse2021_an_exploratory_study_of_autopilot,Ardupilot,https://github.com/ArduPilot/ardupilot/pull/12134,https://github.com/ArduPilot/ardupilot/pull/12134,"not clear, need discussion",no_comments_in_source,not_available_in_source,not_available_in_source,not_available_in_source,"not clear, need discussion",hardware,hardware,Ardupilot,,,,,,"{""stage"": ""stage2""}",data/raw_stage1/fse2021_an_exploratory_study_of_autopilot/bugSetAndTaxonomy-3_2.zip,bugTaxonomy/3rd iteration(result).xlsx,86.0
fse2021_an_exploratory_study_of_autopilot:83c22ec8f2f7a0cf,fse2021_an_exploratory_study_of_autopilot,Ardupilot,https://github.com/ArduPilot/ardupilot/pull/12150,https://github.com/ArduPilot/ardupilot/pull/12150,pixhawk1 gyro orientation,no_comments_in_source,not_available_in_source,not_available_in_source,not_available_in_source,pixhawk1 gyro orientation,hardware,hardware,Ardupilot,,,,,,"{""stage"": ""stage2""}",data/raw_stage1/fse2021_an_exploratory_study_of_autopilot/bugSetAndTaxonomy-3_2.zip,bugTaxonomy/3rd iteration(result).xlsx,87.0
fse2021_an_exploratory_study_of_autopilot:fbfc27961efcad85,fse2021_an_exploratory_study_of_autopilot,Ardupilot,https://github.com/ArduPilot/ardupilot/pull/12205,https://github.com/ArduPilot/ardupilot/pull/12205,"not clear, need discussion",no_comments_in_source,not_available_in_source,not_available_in_source,not_available_in_source,"not clear, need discussion",hardware,hardware,Ardupilot,,,,,,"{""stage"": ""stage2""}",data/raw_stage1/fse2021_an_exploratory_study_of_autopilot/bugSetAndTaxonomy-3_2.zip,bugTaxonomy/3rd iteration(result).xlsx,88.0
fse2021_an_exploratory_study_of_autopilot:e3beb9bc31547e4e,fse2021_an_exploratory_study_of_autopilot,Ardupilot,https://github.com/ArduPilot/ardupilot/pull/12232,https://github.com/ArduPilot/ardupilot/pull/12232,The swashplate conversion code previously added was found to not work once the default swashplate type was changed,no_comments_in_source,not_available_in_source,not_available_in_source,not_available_in_source,The swashplate conversion code previously added was found to not work once the default swashplate type was changed,math,math,Ardupilot,,,,,,"{""stage"": ""stage2""}",data/raw_stage1/fse2021_an_exploratory_study_of_autopilot/bugSetAndTaxonomy-3_2.zip,bugTaxonomy/3rd iteration(result).xlsx,89.0
fse2021_an_exploratory_study_of_autopilot:e74a4de40ab5bce3,fse2021_an_exploratory_study_of_autopilot,Ardupilot,https://github.com/ArduPilot/ardupilot/pull/12253,https://github.com/ArduPilot/ardupilot/pull/12253,initialises yaw,no_comments_in_source,not_available_in_source,not_available_in_source,not_available_in_source,initialises yaw,initlization,initlization,Ardupilot,,,,,,"{""stage"": ""stage2""}",data/raw_stage1/fse2021_an_exploratory_study_of_autopilot/bugSetAndTaxonomy-3_2.zip,bugTaxonomy/3rd iteration(result).xlsx,90.0
fse2021_an_exploratory_study_of_autopilot:2693457b1e64786f,fse2021_an_exploratory_study_of_autopilot,Ardupilot,https://github.com/ArduPilot/ardupilot/pull/12326,https://github.com/ArduPilot/ardupilot/pull/12326,rangefinder backends cm to m conversion,no_comments_in_source,not_available_in_source,not_available_in_source,not_available_in_source,rangefinder backends cm to m conversion,math,math,Ardupilot,,,,,,"{""stage"": ""stage2""}",data/raw_stage1/fse2021_an_exploratory_study_of_autopilot/bugSetAndTaxonomy-3_2.zip,bugTaxonomy/3rd iteration(result).xlsx,91.0
fse2021_an_exploratory_study_of_autopilot:964ba95f9fc5fbba,fse2021_an_exploratory_study_of_autopilot,Ardupilot,https://github.com/ArduPilot/ardupilot/pull/12365,https://github.com/ArduPilot/ardupilot/pull/12365,uninitialised variable,no_comments_in_source,not_available_in_source,not_available_in_source,not_available_in_source,uninitialised variable,initlization,initlization,Ardupilot,,,,,,"{""stage"": ""stage2""}",data/raw_stage1/fse2021_an_exploratory_study_of_autopilot/bugSetAndTaxonomy-3_2.zip,bugTaxonomy/3rd iteration(result).xlsx,92.0
fse2021_an_exploratory_study_of_autopilot:e440b26bf7f3fccc,fse2021_an_exploratory_study_of_autopilot,Ardupilot,https://github.com/ArduPilot/ardupilot/pull/12685,https://github.com/ArduPilot/ardupilot/pull/12685,needed advanced timers enabled for complementary PWM,no_comments_in_source,not_available_in_source,not_available_in_source,not_available_in_source,needed advanced timers enabled for complementary PWM,hardware,hardware,Ardupilot,,,,,,"{""stage"": ""stage2""}",data/raw_stage1/fse2021_an_exploratory_study_of_autopilot/bugSetAndTaxonomy-3_2.zip,bugTaxonomy/3rd iteration(result).xlsx,93.0
fse2021_an_exploratory_study_of_autopilot:beceeef1648604ad,fse2021_an_exploratory_study_of_autopilot,Ardupilot,https://github.com/ArduPilot/ardupilot/pull/12687,https://github.com/ArduPilot/ardupilot/pull/12687,fix PSC_ACCZ_FILT to _FLTE param conversion,no_comments_in_source,not_available_in_source,not_available_in_source,not_available_in_source,fix PSC_ACCZ_FILT to _FLTE param conversion,parameter,parameter,Ardupilot,,,,,,"{""stage"": ""stage2""}",data/raw_stage1/fse2021_an_exploratory_study_of_autopilot/bugSetAndTaxonomy-3_2.zip,bugTaxonomy/3rd iteration(result).xlsx,94.0
fse2021_an_exploratory_study_of_autopilot:912f8d49983025df,fse2021_an_exploratory_study_of_autopilot,Ardupilot,https://github.com/ArduPilot/ardupilot/pull/12696,https://github.com/ArduPilot/ardupilot/pull/12696,full yaw range calculation,no_comments_in_source,not_available_in_source,not_available_in_source,not_available_in_source,full yaw range calculation,math,math,Ardupilot,,,,,,"{""stage"": ""stage2""}",data/raw_stage1/fse2021_an_exploratory_study_of_autopilot/bugSetAndTaxonomy-3_2.zip,bugTaxonomy/3rd iteration(result).xlsx,95.0
fse2021_an_exploratory_study_of_autopilot:98c76113e4ee2c38,fse2021_an_exploratory_study_of_autopilot,Ardupilot,https://github.com/ArduPilot/ardupilot/pull/12697,https://github.com/ArduPilot/ardupilot/pull/12697,This change freezes the lost motor detection,no_comments_in_source,not_available_in_source,not_available_in_source,not_available_in_source,This change freezes the lost motor detection,priority,priority,Ardupilot,,,,,,"{""stage"": ""stage2""}",data/raw_stage1/fse2021_an_exploratory_study_of_autopilot/bugSetAndTaxonomy-3_2.zip,bugTaxonomy/3rd iteration(result).xlsx,96.0
fse2021_an_exploratory_study_of_autopilot:ff16b42337fca5eb,fse2021_an_exploratory_study_of_autopilot,Ardupilot,https://github.com/ArduPilot/ardupilot/pull/12799,https://github.com/ArduPilot/ardupilot/pull/12799,init failure handling,no_comments_in_source,not_available_in_source,not_available_in_source,not_available_in_source,init failure handling,initlization,initlization,Ardupilot,,,,,,"{""stage"": ""stage2""}",data/raw_stage1/fse2021_an_exploratory_study_of_autopilot/bugSetAndTaxonomy-3_2.zip,bugTaxonomy/3rd iteration(result).xlsx,97.0
fse2021_an_exploratory_study_of_autopilot:62c78513891f73ce,fse2021_an_exploratory_study_of_autopilot,Ardupilot,https://github.com/ArduPilot/ardupilot/pull/12895,https://github.com/ArduPilot/ardupilot/pull/12895,minor bug for set_max_speed_z(),no_comments_in_source,not_available_in_source,not_available_in_source,not_available_in_source,minor bug for set_max_speed_z(),limit,limit,Ardupilot,,,,,,"{""stage"": ""stage2""}",data/raw_stage1/fse2021_an_exploratory_study_of_autopilot/bugSetAndTaxonomy-3_2.zip,bugTaxonomy/3rd iteration(result).xlsx,98.0
fse2021_an_exploratory_study_of_autopilot:ebc49f296ebafd27,fse2021_an_exploratory_study_of_autopilot,Ardupilot,https://github.com/ArduPilot/ardupilot/pull/12896,https://github.com/ArduPilot/ardupilot/pull/12896,errors on high bus noise,no_comments_in_source,not_available_in_source,not_available_in_source,not_available_in_source,errors on high bus noise,hardware,hardware,Ardupilot,,,,,,"{""stage"": ""stage2""}",data/raw_stage1/fse2021_an_exploratory_study_of_autopilot/bugSetAndTaxonomy-3_2.zip,bugTaxonomy/3rd iteration(result).xlsx,99.0
fse2021_an_exploratory_study_of_autopilot:88e703efff0de040,fse2021_an_exploratory_study_of_autopilot,Ardupilot,https://github.com/ArduPilot/ardupilot/pull/12922,https://github.com/ArduPilot/ardupilot/pull/12922,param conversion fix,no_comments_in_source,not_available_in_source,not_available_in_source,not_available_in_source,param conversion fix,parameter,parameter,Ardupilot,,,,,,"{""stage"": ""stage2""}",data/raw_stage1/fse2021_an_exploratory_study_of_autopilot/bugSetAndTaxonomy-3_2.zip,bugTaxonomy/3rd iteration(result).xlsx,100.0
fse2021_an_exploratory_study_of_autopilot:8dc1cd9b9eb00757,fse2021_an_exploratory_study_of_autopilot,Ardupilot,https://github.com/ArduPilot/ardupilot/pull/13081,https://github.com/ArduPilot/ardupilot/pull/13081,RC channel range checks,no_comments_in_source,not_available_in_source,not_available_in_source,not_available_in_source,RC channel range checks,limit,limit,Ardupilot,,,,,,"{""stage"": ""stage2""}",data/raw_stage1/fse2021_an_exploratory_study_of_autopilot/bugSetAndTaxonomy-3_2.zip,bugTaxonomy/3rd iteration(result).xlsx,101.0
fse2021_an_exploratory_study_of_autopilot:fa07b5a0233aa2d0,fse2021_an_exploratory_study_of_autopilot,Ardupilot,https://github.com/ArduPilot/ardupilot/pull/13137,https://github.com/ArduPilot/ardupilot/pull/13137,Limit auto rotations,no_comments_in_source,not_available_in_source,not_available_in_source,not_available_in_source,Limit auto rotations,limit,limit,Ardupilot,,,,,,"{""stage"": ""stage2""}",data/raw_stage1/fse2021_an_exploratory_study_of_autopilot/bugSetAndTaxonomy-3_2.zip,bugTaxonomy/3rd iteration(result).xlsx,102.0
fse2021_an_exploratory_study_of_autopilot:6f804c007249dfca,fse2021_an_exploratory_study_of_autopilot,Ardupilot,https://github.com/ArduPilot/ardupilot/pull/13193,https://github.com/ArduPilot/ardupilot/pull/13193,"not clear, need discussion",no_comments_in_source,not_available_in_source,not_available_in_source,not_available_in_source,"not clear, need discussion",hardware,hardware,Ardupilot,,,,,,"{""stage"": ""stage2""}",data/raw_stage1/fse2021_an_exploratory_study_of_autopilot/bugSetAndTaxonomy-3_2.zip,bugTaxonomy/3rd iteration(result).xlsx,103.0
fse2021_an_exploratory_study_of_autopilot:66d6a9a6a85c4e9a,fse2021_an_exploratory_study_of_autopilot,Ardupilot,https://github.com/ArduPilot/ardupilot/pull/13209,https://github.com/ArduPilot/ardupilot/pull/13209,HeliQuad- reference zero collective,no_comments_in_source,not_available_in_source,not_available_in_source,not_available_in_source,HeliQuad- reference zero collective,math,math,Ardupilot,,,,,,"{""stage"": ""stage2""}",data/raw_stage1/fse2021_an_exploratory_study_of_autopilot/bugSetAndTaxonomy-3_2.zip,bugTaxonomy/3rd iteration(result).xlsx,104.0
fse2021_an_exploratory_study_of_autopilot:54b1f90b8fed50f2,fse2021_an_exploratory_study_of_autopilot,Ardupilot,https://github.com/ArduPilot/ardupilot/pull/13254,https://github.com/ArduPilot/ardupilot/pull/13254,tradheli-Fix parameter metadata errors,no_comments_in_source,not_available_in_source,not_available_in_source,not_available_in_source,tradheli-Fix parameter metadata errors,parameter,parameter,Ardupilot,,,,,,"{""stage"": ""stage2""}",data/raw_stage1/fse2021_an_exploratory_study_of_autopilot/bugSetAndTaxonomy-3_2.zip,bugTaxonomy/3rd iteration(result).xlsx,105.0
fse2021_an_exploratory_study_of_autopilot:03fa195086d1d16d,fse2021_an_exploratory_study_of_autopilot,Ardupilot,https://github.com/ArduPilot/ardupilot/pull/13273,https://github.com/ArduPilot/ardupilot/pull/13273,invalidate the cached parameter,no_comments_in_source,not_available_in_source,not_available_in_source,not_available_in_source,invalidate the cached parameter,parameter,parameter,Ardupilot,,,,,,"{""stage"": ""stage2""}",data/raw_stage1/fse2021_an_exploratory_study_of_autopilot/bugSetAndTaxonomy-3_2.zip,bugTaxonomy/3rd iteration(result).xlsx,106.0
fse2021_an_exploratory_study_of_autopilot:c603e1cd2fbd07c1,fse2021_an_exploratory_study_of_autopilot,Ardupilot,https://github.com/ArduPilot/ardupilot/pull/13293,https://github.com/ArduPilot/ardupilot/pull/13293,use offset param value,no_comments_in_source,not_available_in_source,not_available_in_source,not_available_in_source,use offset param value,parameter,parameter,Ardupilot,,,,,,"{""stage"": ""stage2""}",data/raw_stage1/fse2021_an_exploratory_study_of_autopilot/bugSetAndTaxonomy-3_2.zip,bugTaxonomy/3rd iteration(result).xlsx,107.0
fse2021_an_exploratory_study_of_autopilot:8fb824ef095eeebd,fse2021_an_exploratory_study_of_autopilot,Ardupilot,https://github.com/ArduPilot/ardupilot/pull/13345/files,https://github.com/ArduPilot/ardupilot/pull/13345/files,not_available_in_source,no_comments_in_source,not_available_in_source,not_available_in_source,not_available_in_source,,limit,limit,Ardupilot,,,,,,"{""stage"": ""stage2""}",data/raw_stage1/fse2021_an_exploratory_study_of_autopilot/bugSetAndTaxonomy-3_2.zip,bugTaxonomy/3rd iteration(result).xlsx,108.0
fse2021_an_exploratory_study_of_autopilot:9deb6fb55d8f3a1d,fse2021_an_exploratory_study_of_autopilot,Ardupilot,https://github.com/ArduPilot/ardupilot/pull/13376,https://github.com/ArduPilot/ardupilot/pull/13376,TeraRanger a to close reading is not the minimum distance,no_comments_in_source,not_available_in_source,not_available_in_source,not_available_in_source,TeraRanger a to close reading is not the minimum distance,parameter,parameter,Ardupilot,,,,,,"{""stage"": ""stage2""}",data/raw_stage1/fse2021_an_exploratory_study_of_autopilot/bugSetAndTaxonomy-3_2.zip,bugTaxonomy/3rd iteration(result).xlsx,109.0
fse2021_an_exploratory_study_of_autopilot:6a804ac10faa2e32,fse2021_an_exploratory_study_of_autopilot,Ardupilot,https://github.com/ArduPilot/ardupilot/pull/13461,https://github.com/ArduPilot/ardupilot/pull/13461,use offset param value,no_comments_in_source,not_available_in_source,not_available_in_source,not_available_in_source,use offset param value,parameter,parameter,Ardupilot,,,,,,"{""stage"": ""stage2""}",data/raw_stage1/fse2021_an_exploratory_study_of_autopilot/bugSetAndTaxonomy-3_2.zip,bugTaxonomy/3rd iteration(result).xlsx,110.0
fse2021_an_exploratory_study_of_autopilot:5eebdfcce71cd44c,fse2021_an_exploratory_study_of_autopilot,Ardupilot,https://github.com/ArduPilot/ardupilot/pull/13504,https://github.com/ArduPilot/ardupilot/pull/13504,reset to end of VTOL takeoff,no_comments_in_source,not_available_in_source,not_available_in_source,not_available_in_source,reset to end of VTOL takeoff,limit,limit,Ardupilot,,,,,,"{""stage"": ""stage2""}",data/raw_stage1/fse2021_an_exploratory_study_of_autopilot/bugSetAndTaxonomy-3_2.zip,bugTaxonomy/3rd iteration(result).xlsx,111.0
fse2021_an_exploratory_study_of_autopilot:7b471997640626fa,fse2021_an_exploratory_study_of_autopilot,Ardupilot,https://github.com/ArduPilot/ardupilot/pull/13512,https://github.com/ArduPilot/ardupilot/pull/13512,Fix waf --default-parameters,no_comments_in_source,not_available_in_source,not_available_in_source,not_available_in_source,Fix waf --default-parameters,parameter,parameter,Ardupilot,,,,,,"{""stage"": ""stage2""}",data/raw_stage1/fse2021_an_exploratory_study_of_autopilot/bugSetAndTaxonomy-3_2.zip,bugTaxonomy/3rd iteration(result).xlsx,112.0
fse2021_an_exploratory_study_of_autopilot:e97b4388a2a533cc,fse2021_an_exploratory_study_of_autopilot,Ardupilot,https://github.com/ArduPilot/ardupilot/pull/13545,https://github.com/ArduPilot/ardupilot/pull/13545,a bug in LOITER_TURNS in quadplanes,no_comments_in_source,not_available_in_source,not_available_in_source,not_available_in_source,a bug in LOITER_TURNS in quadplanes,consistency,consistency,Ardupilot,,,,,,"{""stage"": ""stage2""}",data/raw_stage1/fse2021_an_exploratory_study_of_autopilot/bugSetAndTaxonomy-3_2.zip,bugTaxonomy/3rd iteration(result).xlsx,113.0
fse2021_an_exploratory_study_of_autopilot:162ea0908057144b,fse2021_an_exploratory_study_of_autopilot,Ardupilot,https://github.com/ArduPilot/ardupilot/pull/13552,https://github.com/ArduPilot/ardupilot/pull/13552,fixed stdout in early startup bug,no_comments_in_source,not_available_in_source,not_available_in_source,not_available_in_source,fixed stdout in early startup bug,hardware,hardware,Ardupilot,,,,,,"{""stage"": ""stage2""}",data/raw_stage1/fse2021_an_exploratory_study_of_autopilot/bugSetAndTaxonomy-3_2.zip,bugTaxonomy/3rd iteration(result).xlsx,114.0
fse2021_an_exploratory_study_of_autopilot:5252267c5fff0b11,fse2021_an_exploratory_study_of_autopilot,Ardupilot,https://github.com/ArduPilot/ardupilot/pull/13646,https://github.com/ArduPilot/ardupilot/pull/13646,ignore RCx_TRIM when calculating desired angle,no_comments_in_source,not_available_in_source,not_available_in_source,not_available_in_source,ignore RCx_TRIM when calculating desired angle,math,math,Ardupilot,,,,,,"{""stage"": ""stage2""}",data/raw_stage1/fse2021_an_exploratory_study_of_autopilot/bugSetAndTaxonomy-3_2.zip,bugTaxonomy/3rd iteration(result).xlsx,115.0
fse2021_an_exploratory_study_of_autopilot:96bbfdb181d842a3,fse2021_an_exploratory_study_of_autopilot,Ardupilot,https://github.com/ArduPilot/ardupilot/pull/13695,https://github.com/ArduPilot/ardupilot/pull/13695,use of WP_NAVALT_MIN,no_comments_in_source,not_available_in_source,not_available_in_source,not_available_in_source,use of WP_NAVALT_MIN,limit,limit,Ardupilot,,,,,,"{""stage"": ""stage2""}",data/raw_stage1/fse2021_an_exploratory_study_of_autopilot/bugSetAndTaxonomy-3_2.zip,bugTaxonomy/3rd iteration(result).xlsx,116.0
fse2021_an_exploratory_study_of_autopilot:d9ba5d4bc10c1b60,fse2021_an_exploratory_study_of_autopilot,Ardupilot,https://github.com/ArduPilot/ardupilot/pull/13780,https://github.com/ArduPilot/ardupilot/pull/13780,Hold CS pins high in bootloader,no_comments_in_source,not_available_in_source,not_available_in_source,not_available_in_source,Hold CS pins high in bootloader,parameter,parameter,Ardupilot,,,,,,"{""stage"": ""stage2""}",data/raw_stage1/fse2021_an_exploratory_study_of_autopilot/bugSetAndTaxonomy-3_2.zip,bugTaxonomy/3rd iteration(result).xlsx,117.0
fse2021_an_exploratory_study_of_autopilot:ae13d83a94fdaf4f,fse2021_an_exploratory_study_of_autopilot,Ardupilot,https://github.com/ArduPilot/ardupilot/pull/13953,https://github.com/ArduPilot/ardupilot/pull/13953,fixed plane landing gear,no_comments_in_source,not_available_in_source,not_available_in_source,not_available_in_source,fixed plane landing gear,consistency,consistency,Ardupilot,,,,,,"{""stage"": ""stage2""}",data/raw_stage1/fse2021_an_exploratory_study_of_autopilot/bugSetAndTaxonomy-3_2.zip,bugTaxonomy/3rd iteration(result).xlsx,118.0
fse2021_an_exploratory_study_of_autopilot:0397c18cbb820fe6,fse2021_an_exploratory_study_of_autopilot,Ardupilot,https://github.com/ArduPilot/ardupilot/pull/13955,https://github.com/ArduPilot/ardupilot/pull/13955,rotation of moving baseline GPS,no_comments_in_source,not_available_in_source,not_available_in_source,not_available_in_source,rotation of moving baseline GPS,math,math,Ardupilot,,,,,,"{""stage"": ""stage2""}",data/raw_stage1/fse2021_an_exploratory_study_of_autopilot/bugSetAndTaxonomy-3_2.zip,bugTaxonomy/3rd iteration(result).xlsx,119.0
fse2021_an_exploratory_study_of_autopilot:02ca573f80f54a43,fse2021_an_exploratory_study_of_autopilot,Ardupilot,https://github.com/ArduPilot/ardupilot/pull/14221,https://github.com/ArduPilot/ardupilot/pull/14221,compass ordering bug with AP_Periph,no_comments_in_source,not_available_in_source,not_available_in_source,not_available_in_source,compass ordering bug with AP_Periph,priority,priority,Ardupilot,,,,,,"{""stage"": ""stage2""}",data/raw_stage1/fse2021_an_exploratory_study_of_autopilot/bugSetAndTaxonomy-3_2.zip,bugTaxonomy/3rd iteration(result).xlsx,120.0
fse2021_an_exploratory_study_of_autopilot:e79d3a12e269f76d,fse2021_an_exploratory_study_of_autopilot,Ardupilot,https://github.com/ArduPilot/ardupilot/pull/14266,https://github.com/ArduPilot/ardupilot/pull/14266,external yaw EK3_MAG_CAL=5 or 6,no_comments_in_source,not_available_in_source,not_available_in_source,not_available_in_source,external yaw EK3_MAG_CAL=5 or 6,consistency,consistency,Ardupilot,,,,,,"{""stage"": ""stage2""}",data/raw_stage1/fse2021_an_exploratory_study_of_autopilot/bugSetAndTaxonomy-3_2.zip,bugTaxonomy/3rd iteration(result).xlsx,121.0
fse2021_an_exploratory_study_of_autopilot:bf84551eae8ae233,fse2021_an_exploratory_study_of_autopilot,Ardupilot,https://github.com/ArduPilot/ardupilot/pull/2643,https://github.com/ArduPilot/ardupilot/pull/2643,stop divide by zero if params are 0,no_comments_in_source,not_available_in_source,not_available_in_source,not_available_in_source,stop divide by zero if params are 0,parameter,parameter,Ardupilot,,,,,,"{""stage"": ""stage2""}",data/raw_stage1/fse2021_an_exploratory_study_of_autopilot/bugSetAndTaxonomy-3_2.zip,bugTaxonomy/3rd iteration(result).xlsx,122.0
fse2021_an_exploratory_study_of_autopilot:7900cbc26c35ec26,fse2021_an_exploratory_study_of_autopilot,Ardupilot,https://github.com/ArduPilot/ardupilot/pull/3004,https://github.com/ArduPilot/ardupilot/pull/3004,Critical Bug Fix,no_comments_in_source,not_available_in_source,not_available_in_source,not_available_in_source,Critical Bug Fix,initialization,initialization,Ardupilot,,,,,,"{""stage"": ""stage2""}",data/raw_stage1/fse2021_an_exploratory_study_of_autopilot/bugSetAndTaxonomy-3_2.zip,bugTaxonomy/3rd iteration(result).xlsx,123.0
fse2021_an_exploratory_study_of_autopilot:cc94fc7302208925,fse2021_an_exploratory_study_of_autopilot,Ardupilot,https://github.com/ArduPilot/ardupilot/pull/5249,https://github.com/ArduPilot/ardupilot/pull/5249,orientation in ArduCopter stable,no_comments_in_source,not_available_in_source,not_available_in_source,not_available_in_source,orientation in ArduCopter stable,hardware,hardware,Ardupilot,,,,,,"{""stage"": ""stage2""}",data/raw_stage1/fse2021_an_exploratory_study_of_autopilot/bugSetAndTaxonomy-3_2.zip,bugTaxonomy/3rd iteration(result).xlsx,124.0
fse2021_an_exploratory_study_of_autopilot:784e2be96bcd2de8,fse2021_an_exploratory_study_of_autopilot,Ardupilot,https://github.com/ArduPilot/ardupilot/pull/5343,https://github.com/ArduPilot/ardupilot/pull/5343,hard fault with LightWareI2C,no_comments_in_source,not_available_in_source,not_available_in_source,not_available_in_source,hard fault with LightWareI2C,hardware,hardware,Ardupilot,,,,,,"{""stage"": ""stage2""}",data/raw_stage1/fse2021_an_exploratory_study_of_autopilot/bugSetAndTaxonomy-3_2.zip,bugTaxonomy/3rd iteration(result).xlsx,125.0
fse2021_an_exploratory_study_of_autopilot:d2979ea9f15cf9e5,fse2021_an_exploratory_study_of_autopilot,Ardupilot,https://github.com/ArduPilot/ardupilot/pull/5404,https://github.com/ArduPilot/ardupilot/pull/5404,Correction for is_equal function,no_comments_in_source,not_available_in_source,not_available_in_source,not_available_in_source,Correction for is_equal function,correction,correction,Ardupilot,,,,,,"{""stage"": ""stage2""}",data/raw_stage1/fse2021_an_exploratory_study_of_autopilot/bugSetAndTaxonomy-3_2.zip,bugTaxonomy/3rd iteration(result).xlsx,126.0
fse2021_an_exploratory_study_of_autopilot:5c5a561799e75d14,fse2021_an_exploratory_study_of_autopilot,Ardupilot,https://github.com/ArduPilot/ardupilot/pull/5494,https://github.com/ArduPilot/ardupilot/pull/5494,get_last_update,no_comments_in_source,not_available_in_source,not_available_in_source,not_available_in_source,get_last_update,parameter,parameter,Ardupilot,,,,,,"{""stage"": ""stage2""}",data/raw_stage1/fse2021_an_exploratory_study_of_autopilot/bugSetAndTaxonomy-3_2.zip,bugTaxonomy/3rd iteration(result).xlsx,127.0
fse2021_an_exploratory_study_of_autopilot:b74462d36a643777,fse2021_an_exploratory_study_of_autopilot,Ardupilot,https://github.com/ArduPilot/ardupilot/pull/5758,https://github.com/ArduPilot/ardupilot/pull/5758,The bug could cause the forward throttle to slew on quadplanes at 6x slower than it should,no_comments_in_source,not_available_in_source,not_available_in_source,not_available_in_source,The bug could cause the forward throttle to slew on quadplanes at 6x slower than it should,limit,limit,Ardupilot,,,,,,"{""stage"": ""stage2""}",data/raw_stage1/fse2021_an_exploratory_study_of_autopilot/bugSetAndTaxonomy-3_2.zip,bugTaxonomy/3rd iteration(result).xlsx,128.0
fse2021_an_exploratory_study_of_autopilot:72d89b0c4f60ba4a,fse2021_an_exploratory_study_of_autopilot,Ardupilot,https://github.com/ArduPilot/ardupilot/pull/5882,https://github.com/ArduPilot/ardupilot/pull/5882,the FMUv4 SBUS parser sets timestamp_last_signal,no_comments_in_source,not_available_in_source,not_available_in_source,not_available_in_source,the FMUv4 SBUS parser sets timestamp_last_signal,hardware,hardware,Ardupilot,,,,,,"{""stage"": ""stage2""}",data/raw_stage1/fse2021_an_exploratory_study_of_autopilot/bugSetAndTaxonomy-3_2.zip,bugTaxonomy/3rd iteration(result).xlsx,129.0
fse2021_an_exploratory_study_of_autopilot:6b0addecdf93eba0,fse2021_an_exploratory_study_of_autopilot,Ardupilot,https://github.com/ArduPilot/ardupilot/pull/5918,https://github.com/ArduPilot/ardupilot/pull/5918,letting some Pixhawk type boards,no_comments_in_source,not_available_in_source,not_available_in_source,not_available_in_source,letting some Pixhawk type boards,hardware,hardware,Ardupilot,,,,,,"{""stage"": ""stage2""}",data/raw_stage1/fse2021_an_exploratory_study_of_autopilot/bugSetAndTaxonomy-3_2.zip,bugTaxonomy/3rd iteration(result).xlsx,130.0
fse2021_an_exploratory_study_of_autopilot:6666584f30ba4137,fse2021_an_exploratory_study_of_autopilot,Ardupilot,https://github.com/ArduPilot/ardupilot/pull/6081,https://github.com/ArduPilot/ardupilot/pull/6081,more issues while tests of UAVCAN ESCs,no_comments_in_source,not_available_in_source,not_available_in_source,not_available_in_source,more issues while tests of UAVCAN ESCs,correction,correction,Ardupilot,,,,,,"{""stage"": ""stage2""}",data/raw_stage1/fse2021_an_exploratory_study_of_autopilot/bugSetAndTaxonomy-3_2.zip,bugTaxonomy/3rd iteration(result).xlsx,131.0
fse2021_an_exploratory_study_of_autopilot:f7e8e57c684c31da,fse2021_an_exploratory_study_of_autopilot,Ardupilot,https://github.com/ArduPilot/ardupilot/pull/6138,https://github.com/ArduPilot/ardupilot/pull/6138,a bug where a companion computer or GCS (over a fast link) can cause too much CPU time to be used by MAVLink,no_comments_in_source,not_available_in_source,not_available_in_source,not_available_in_source,a bug where a companion computer or GCS (over a fast link) can cause too much CPU time to be used by MAVLink,limit,limit,Ardupilot,,,,,,"{""stage"": ""stage2""}",data/raw_stage1/fse2021_an_exploratory_study_of_autopilot/bugSetAndTaxonomy-3_2.zip,bugTaxonomy/3rd iteration(result).xlsx,132.0
fse2021_an_exploratory_study_of_autopilot:792f767e6bb34e48,fse2021_an_exploratory_study_of_autopilot,Ardupilot,https://github.com/ArduPilot/ardupilot/pull/6304,https://github.com/ArduPilot/ardupilot/pull/6304,"The issue stemmed from how the sport ""trainer"" operated",no_comments_in_source,not_available_in_source,not_available_in_source,not_available_in_source,"The issue stemmed from how the sport ""trainer"" operated",limit,limit,Ardupilot,,,,,,"{""stage"": ""stage2""}",data/raw_stage1/fse2021_an_exploratory_study_of_autopilot/bugSetAndTaxonomy-3_2.zip,bugTaxonomy/3rd iteration(result).xlsx,133.0
fse2021_an_exploratory_study_of_autopilot:bc66ce044b40d5d1,fse2021_an_exploratory_study_of_autopilot,Ardupilot,https://github.com/ArduPilot/ardupilot/pull/6374,https://github.com/ArduPilot/ardupilot/pull/6374,declination fusion,no_comments_in_source,not_available_in_source,not_available_in_source,not_available_in_source,declination fusion,math,math,Ardupilot,,,,,,"{""stage"": ""stage2""}",data/raw_stage1/fse2021_an_exploratory_study_of_autopilot/bugSetAndTaxonomy-3_2.zip,bugTaxonomy/3rd iteration(result).xlsx,134.0
fse2021_an_exploratory_study_of_autopilot:49c931ae176a8f7c,fse2021_an_exploratory_study_of_autopilot,Ardupilot,https://github.com/ArduPilot/ardupilot/pull/6512,https://github.com/ArduPilot/ardupilot/pull/6512,crash because of unknown param,no_comments_in_source,not_available_in_source,not_available_in_source,not_available_in_source,crash because of unknown param,parameter,parameter,Ardupilot,,,,,,"{""stage"": ""stage2""}",data/raw_stage1/fse2021_an_exploratory_study_of_autopilot/bugSetAndTaxonomy-3_2.zip,bugTaxonomy/3rd iteration(result).xlsx,135.0
fse2021_an_exploratory_study_of_autopilot:6a11658b0112249b,fse2021_an_exploratory_study_of_autopilot,Ardupilot,https://github.com/ArduPilot/ardupilot/pull/6645,https://github.com/ArduPilot/ardupilot/pull/6645,We need to close uartC to prevent corruption of the bootloader protocol.,no_comments_in_source,not_available_in_source,not_available_in_source,not_available_in_source,We need to close uartC to prevent corruption of the bootloader protocol.,hardware,hardware,Ardupilot,,,,,,"{""stage"": ""stage2""}",data/raw_stage1/fse2021_an_exploratory_study_of_autopilot/bugSetAndTaxonomy-3_2.zip,bugTaxonomy/3rd iteration(result).xlsx,136.0
fse2021_an_exploratory_study_of_autopilot:1486cae3ae0c687c,fse2021_an_exploratory_study_of_autopilot,Ardupilot,https://github.com/ArduPilot/ardupilot/pull/6815,https://github.com/ArduPilot/ardupilot/pull/6815,bug in manual with TRIM == MIN,no_comments_in_source,not_available_in_source,not_available_in_source,not_available_in_source,bug in manual with TRIM == MIN,limit,limit,Ardupilot,,,,,,"{""stage"": ""stage2""}",data/raw_stage1/fse2021_an_exploratory_study_of_autopilot/bugSetAndTaxonomy-3_2.zip,bugTaxonomy/3rd iteration(result).xlsx,137.0
fse2021_an_exploratory_study_of_autopilot:5b816c161d509ab4,fse2021_an_exploratory_study_of_autopilot,Ardupilot,https://github.com/ArduPilot/ardupilot/pull/6990,https://github.com/ArduPilot/ardupilot/pull/6990,an error when computing the course offset for deepstall,no_comments_in_source,not_available_in_source,not_available_in_source,not_available_in_source,an error when computing the course offset for deepstall,math,math,Ardupilot,,,,,,"{""stage"": ""stage2""}",data/raw_stage1/fse2021_an_exploratory_study_of_autopilot/bugSetAndTaxonomy-3_2.zip,bugTaxonomy/3rd iteration(result).xlsx,138.0
fse2021_an_exploratory_study_of_autopilot:91f90a6433fee688,fse2021_an_exploratory_study_of_autopilot,Ardupilot,https://github.com/ArduPilot/ardupilot/pull/7035,https://github.com/ArduPilot/ardupilot/pull/7035,Toggling between alt sources in flight using the parameter can have unpredictable effects due to the various height offsets,no_comments_in_source,not_available_in_source,not_available_in_source,not_available_in_source,Toggling between alt sources in flight using the parameter can have unpredictable effects due to the various height offsets,parameter,parameter,Ardupilot,,,,,,"{""stage"": ""stage2""}",data/raw_stage1/fse2021_an_exploratory_study_of_autopilot/bugSetAndTaxonomy-3_2.zip,bugTaxonomy/3rd iteration(result).xlsx,139.0
fse2021_an_exploratory_study_of_autopilot:f6dd00eb62da7bdf,fse2021_an_exploratory_study_of_autopilot,Ardupilot,https://github.com/ArduPilot/ardupilot/pull/7129,https://github.com/ArduPilot/ardupilot/pull/7129,call init on two devices with the same name,no_comments_in_source,not_available_in_source,not_available_in_source,not_available_in_source,call init on two devices with the same name,hardware,hardware,Ardupilot,,,,,,"{""stage"": ""stage2""}",data/raw_stage1/fse2021_an_exploratory_study_of_autopilot/bugSetAndTaxonomy-3_2.zip,bugTaxonomy/3rd iteration(result).xlsx,140.0
fse2021_an_exploratory_study_of_autopilot:3f3b7a0b294452bf,fse2021_an_exploratory_study_of_autopilot,Ardupilot,https://github.com/ArduPilot/ardupilot/pull/7273,https://github.com/ArduPilot/ardupilot/pull/7273,This is a correction to Copter's lean-angle-to-acceleration formula used when transitioning from pilot-lean-angle controlled,no_comments_in_source,not_available_in_source,not_available_in_source,not_available_in_source,This is a correction to Copter's lean-angle-to-acceleration formula used when transitioning from pilot-lean-angle controlled,math,math,Ardupilot,,,,,,"{""stage"": ""stage2""}",data/raw_stage1/fse2021_an_exploratory_study_of_autopilot/bugSetAndTaxonomy-3_2.zip,bugTaxonomy/3rd iteration(result).xlsx,141.0
fse2021_an_exploratory_study_of_autopilot:9769a381f582071e,fse2021_an_exploratory_study_of_autopilot,Ardupilot,https://github.com/ArduPilot/ardupilot/pull/7403,https://github.com/ArduPilot/ardupilot/pull/7403,This fixes a problem in TradHeli with the Alt Hold angle limiter being active at hover collective pitch.,no_comments_in_source,not_available_in_source,not_available_in_source,not_available_in_source,This fixes a problem in TradHeli with the Alt Hold angle limiter being active at hover collective pitch.,limit,limit,Ardupilot,,,,,,"{""stage"": ""stage2""}",data/raw_stage1/fse2021_an_exploratory_study_of_autopilot/bugSetAndTaxonomy-3_2.zip,bugTaxonomy/3rd iteration(result).xlsx,142.0
fse2021_an_exploratory_study_of_autopilot:baa4f1c32dde5ce2,fse2021_an_exploratory_study_of_autopilot,Ardupilot,https://github.com/ArduPilot/ardupilot/pull/7493,https://github.com/ArduPilot/ardupilot/pull/7493,Zero Yaw correction during transition and relax attitude,no_comments_in_source,not_available_in_source,not_available_in_source,not_available_in_source,Zero Yaw correction during transition and relax attitude,correction,correction,Ardupilot,,,,,,"{""stage"": ""stage2""}",data/raw_stage1/fse2021_an_exploratory_study_of_autopilot/bugSetAndTaxonomy-3_2.zip,bugTaxonomy/3rd iteration(result).xlsx,143.0
fse2021_an_exploratory_study_of_autopilot:b4c90f1455fc9730,fse2021_an_exploratory_study_of_autopilot,Ardupilot,https://github.com/ArduPilot/ardupilot/pull/7672,https://github.com/ArduPilot/ardupilot/pull/7672,velocity sent in GLOBAL_POSITION_INT,no_comments_in_source,not_available_in_source,not_available_in_source,not_available_in_source,velocity sent in GLOBAL_POSITION_INT,consistency,consistency,Ardupilot,,,,,,"{""stage"": ""stage2""}",data/raw_stage1/fse2021_an_exploratory_study_of_autopilot/bugSetAndTaxonomy-3_2.zip,bugTaxonomy/3rd iteration(result).xlsx,144.0
fse2021_an_exploratory_study_of_autopilot:d7db1ad52f967546,fse2021_an_exploratory_study_of_autopilot,Ardupilot,https://github.com/ArduPilot/ardupilot/pull/8066,https://github.com/ArduPilot/ardupilot/pull/8066,Correct HIL_GPS altitude conversion,no_comments_in_source,not_available_in_source,not_available_in_source,not_available_in_source,Correct HIL_GPS altitude conversion,math,math,Ardupilot,,,,,,"{""stage"": ""stage2""}",data/raw_stage1/fse2021_an_exploratory_study_of_autopilot/bugSetAndTaxonomy-3_2.zip,bugTaxonomy/3rd iteration(result).xlsx,145.0
fse2021_an_exploratory_study_of_autopilot:c1363e8e6cbde7c3,fse2021_an_exploratory_study_of_autopilot,Ardupilot,https://github.com/ArduPilot/ardupilot/pull/8325,https://github.com/ArduPilot/ardupilot/pull/8325,param doc for BRD_SAFETYOPTION,no_comments_in_source,not_available_in_source,not_available_in_source,not_available_in_source,param doc for BRD_SAFETYOPTION,parameter,parameter,Ardupilot,,,,,,"{""stage"": ""stage2""}",data/raw_stage1/fse2021_an_exploratory_study_of_autopilot/bugSetAndTaxonomy-3_2.zip,bugTaxonomy/3rd iteration(result).xlsx,146.0
fse2021_an_exploratory_study_of_autopilot:0463407e2c402002,fse2021_an_exploratory_study_of_autopilot,Ardupilot,https://github.com/ArduPilot/ardupilot/pull/8343,https://github.com/ArduPilot/ardupilot/pull/8343,a bug in the turn rate limiting discovered,no_comments_in_source,not_available_in_source,not_available_in_source,not_available_in_source,a bug in the turn rate limiting discovered,limit,limit,Ardupilot,,,,,,"{""stage"": ""stage2""}",data/raw_stage1/fse2021_an_exploratory_study_of_autopilot/bugSetAndTaxonomy-3_2.zip,bugTaxonomy/3rd iteration(result).xlsx,147.0
fse2021_an_exploratory_study_of_autopilot:90b96415594b7ecc,fse2021_an_exploratory_study_of_autopilot,Ardupilot,https://github.com/ArduPilot/ardupilot/pull/8428,https://github.com/ArduPilot/ardupilot/pull/8428,forward-back acceleration limiting,no_comments_in_source,not_available_in_source,not_available_in_source,not_available_in_source,forward-back acceleration limiting,limit,limit,Ardupilot,,,,,,"{""stage"": ""stage2""}",data/raw_stage1/fse2021_an_exploratory_study_of_autopilot/bugSetAndTaxonomy-3_2.zip,bugTaxonomy/3rd iteration(result).xlsx,148.0
fse2021_an_exploratory_study_of_autopilot:6d629b6a2d7a7e91,fse2021_an_exploratory_study_of_autopilot,Ardupilot,https://github.com/ArduPilot/ardupilot/pull/8450,https://github.com/ArduPilot/ardupilot/pull/8450,track src with correct label - use MAVLink label,no_comments_in_source,not_available_in_source,not_available_in_source,not_available_in_source,track src with correct label - use MAVLink label,consistency,consistency,Ardupilot,,,,,,"{""stage"": ""stage2""}",data/raw_stage1/fse2021_an_exploratory_study_of_autopilot/bugSetAndTaxonomy-3_2.zip,bugTaxonomy/3rd iteration(result).xlsx,149.0
fse2021_an_exploratory_study_of_autopilot:09e5dfa330c91f65,fse2021_an_exploratory_study_of_autopilot,Ardupilot,https://github.com/ArduPilot/ardupilot/pull/8555,https://github.com/ArduPilot/ardupilot/pull/8555,MaxsonarI2C reports no data after 300ms,no_comments_in_source,not_available_in_source,not_available_in_source,not_available_in_source,MaxsonarI2C reports no data after 300ms,consistency,consistency,Ardupilot,,,,,,"{""stage"": ""stage2""}",data/raw_stage1/fse2021_an_exploratory_study_of_autopilot/bugSetAndTaxonomy-3_2.zip,bugTaxonomy/3rd iteration(result).xlsx,150.0
fse2021_an_exploratory_study_of_autopilot:9cc63d8af97416d0,fse2021_an_exploratory_study_of_autopilot,Ardupilot,https://github.com/ArduPilot/ardupilot/pull/8600,https://github.com/ArduPilot/ardupilot/pull/8600,allow steering to Motors beyond -1 to +1 range,no_comments_in_source,not_available_in_source,not_available_in_source,not_available_in_source,allow steering to Motors beyond -1 to +1 range,limit,limit,Ardupilot,,,,,,"{""stage"": ""stage2""}",data/raw_stage1/fse2021_an_exploratory_study_of_autopilot/bugSetAndTaxonomy-3_2.zip,bugTaxonomy/3rd iteration(result).xlsx,151.0
fse2021_an_exploratory_study_of_autopilot:3676ea85d194b138,fse2021_an_exploratory_study_of_autopilot,Ardupilot,https://github.com/ArduPilot/ardupilot/pull/8601,https://github.com/ArduPilot/ardupilot/pull/8601,detect conflict between AK09916 and ICM20948,no_comments_in_source,not_available_in_source,not_available_in_source,not_available_in_source,detect conflict between AK09916 and ICM20948,hardware,hardware,Ardupilot,,,,,,"{""stage"": ""stage2""}",data/raw_stage1/fse2021_an_exploratory_study_of_autopilot/bugSetAndTaxonomy-3_2.zip,bugTaxonomy/3rd iteration(result).xlsx,152.0
fse2021_an_exploratory_study_of_autopilot:a1027276597f557f,fse2021_an_exploratory_study_of_autopilot,Ardupilot,https://github.com/ArduPilot/ardupilot/pull/8859,https://github.com/ArduPilot/ardupilot/pull/8859,remove duplicated parameter,no_comments_in_source,not_available_in_source,not_available_in_source,not_available_in_source,remove duplicated parameter,parameter,parameter,Ardupilot,,,,,,"{""stage"": ""stage2""}",data/raw_stage1/fse2021_an_exploratory_study_of_autopilot/bugSetAndTaxonomy-3_2.zip,bugTaxonomy/3rd iteration(result).xlsx,153.0
fse2021_an_exploratory_study_of_autopilot:b35c4a55adac907f,fse2021_an_exploratory_study_of_autopilot,Ardupilot,https://github.com/ArduPilot/ardupilot/pull/8937,https://github.com/ArduPilot/ardupilot/pull/8937,"not clear, need discussion",no_comments_in_source,not_available_in_source,not_available_in_source,not_available_in_source,"not clear, need discussion",hardware,hardware,Ardupilot,,,,,,"{""stage"": ""stage2""}",data/raw_stage1/fse2021_an_exploratory_study_of_autopilot/bugSetAndTaxonomy-3_2.zip,bugTaxonomy/3rd iteration(result).xlsx,154.0
fse2021_an_exploratory_study_of_autopilot:e0b5f7904e05fd69,fse2021_an_exploratory_study_of_autopilot,Ardupilot,https://github.com/ArduPilot/ardupilot/pull/9019,https://github.com/ArduPilot/ardupilot/pull/9019,Initialize offsets,no_comments_in_source,not_available_in_source,not_available_in_source,not_available_in_source,Initialize offsets,initialization,initialization,Ardupilot,,,,,,"{""stage"": ""stage2""}",data/raw_stage1/fse2021_an_exploratory_study_of_autopilot/bugSetAndTaxonomy-3_2.zip,bugTaxonomy/3rd iteration(result).xlsx,155.0
fse2021_an_exploratory_study_of_autopilot:b2e0041271d9c582,fse2021_an_exploratory_study_of_autopilot,Ardupilot,https://github.com/ArduPilot/ardupilot/pull/9081,https://github.com/ArduPilot/ardupilot/pull/9081,"not clear, need discussion",no_comments_in_source,not_available_in_source,not_available_in_source,not_available_in_source,"not clear, need discussion",hardware,hardware,Ardupilot,,,,,,"{""stage"": ""stage2""}",data/raw_stage1/fse2021_an_exploratory_study_of_autopilot/bugSetAndTaxonomy-3_2.zip,bugTaxonomy/3rd iteration(result).xlsx,156.0
fse2021_an_exploratory_study_of_autopilot:13b3a9487c51ab19,fse2021_an_exploratory_study_of_autopilot,Ardupilot,https://github.com/ArduPilot/ardupilot/pull/9345,https://github.com/ArduPilot/ardupilot/pull/9345,oled probe on first bus,no_comments_in_source,not_available_in_source,not_available_in_source,not_available_in_source,oled probe on first bus,hardware,hardware,Ardupilot,,,,,,"{""stage"": ""stage2""}",data/raw_stage1/fse2021_an_exploratory_study_of_autopilot/bugSetAndTaxonomy-3_2.zip,bugTaxonomy/3rd iteration(result).xlsx,157.0
fse2021_an_exploratory_study_of_autopilot:4cccb24a1c0be416,fse2021_an_exploratory_study_of_autopilot,Ardupilot,https://github.com/ArduPilot/ardupilot/pull/9403,https://github.com/ArduPilot/ardupilot/pull/9403,this caused bad analog readings,no_comments_in_source,not_available_in_source,not_available_in_source,not_available_in_source,this caused bad analog readings,limit,limit,Ardupilot,,,,,,"{""stage"": ""stage2""}",data/raw_stage1/fse2021_an_exploratory_study_of_autopilot/bugSetAndTaxonomy-3_2.zip,bugTaxonomy/3rd iteration(result).xlsx,158.0
fse2021_an_exploratory_study_of_autopilot:8c212758d3d59043,fse2021_an_exploratory_study_of_autopilot,Ardupilot,https://github.com/ArduPilot/ardupilot/pull/9423,https://github.com/ArduPilot/ardupilot/pull/9423,bad roundoff and inconsistent altitude handling,no_comments_in_source,not_available_in_source,not_available_in_source,not_available_in_source,bad roundoff and inconsistent altitude handling,consistency,consistency,Ardupilot,,,,,,"{""stage"": ""stage2""}",data/raw_stage1/fse2021_an_exploratory_study_of_autopilot/bugSetAndTaxonomy-3_2.zip,bugTaxonomy/3rd iteration(result).xlsx,159.0
fse2021_an_exploratory_study_of_autopilot:441de6891a093544,fse2021_an_exploratory_study_of_autopilot,Ardupilot,https://github.com/ArduPilot/ardupilot/pull/9467,https://github.com/ArduPilot/ardupilot/pull/9467,Tradheli - fixes slew speed,no_comments_in_source,not_available_in_source,not_available_in_source,not_available_in_source,Tradheli - fixes slew speed,math,math,Ardupilot,,,,,,"{""stage"": ""stage2""}",data/raw_stage1/fse2021_an_exploratory_study_of_autopilot/bugSetAndTaxonomy-3_2.zip,bugTaxonomy/3rd iteration(result).xlsx,160.0
fse2021_an_exploratory_study_of_autopilot:31abf642c8872099,fse2021_an_exploratory_study_of_autopilot,Ardupilot,https://github.com/ArduPilot/ardupilot/pull/9636,https://github.com/ArduPilot/ardupilot/pull/9636,found during Copter-3.6 testing in which omnibus boards,no_comments_in_source,not_available_in_source,not_available_in_source,not_available_in_source,found during Copter-3.6 testing in which omnibus boards,hardware,hardware,Ardupilot,,,,,,"{""stage"": ""stage2""}",data/raw_stage1/fse2021_an_exploratory_study_of_autopilot/bugSetAndTaxonomy-3_2.zip,bugTaxonomy/3rd iteration(result).xlsx,161.0
fse2021_an_exploratory_study_of_autopilot:d1199e7751e7afd5,fse2021_an_exploratory_study_of_autopilot,Ardupilot,https://github.com/ArduPilot/ardupilot/pull/9639,https://github.com/ArduPilot/ardupilot/pull/9639,The issue is just that we were directly using the PILOT_SPEED_DN parameter,no_comments_in_source,not_available_in_source,not_available_in_source,not_available_in_source,The issue is just that we were directly using the PILOT_SPEED_DN parameter,parameter,parameter,Ardupilot,,,,,,"{""stage"": ""stage2""}",data/raw_stage1/fse2021_an_exploratory_study_of_autopilot/bugSetAndTaxonomy-3_2.zip,bugTaxonomy/3rd iteration(result).xlsx,162.0
fse2021_an_exploratory_study_of_autopilot:6429e30ca1330c6e,fse2021_an_exploratory_study_of_autopilot,Ardupilot,https://github.com/ArduPilot/ardupilot/pull/9684,https://github.com/ArduPilot/ardupilot/pull/9684,Make capability order consistent,no_comments_in_source,not_available_in_source,not_available_in_source,not_available_in_source,Make capability order consistent,"priority,order","priority,order",Ardupilot,,,,,,"{""stage"": ""stage2""}",data/raw_stage1/fse2021_an_exploratory_study_of_autopilot/bugSetAndTaxonomy-3_2.zip,bugTaxonomy/3rd iteration(result).xlsx,163.0
fse2021_an_exploratory_study_of_autopilot:a7f678f0cc2f4ec7,fse2021_an_exploratory_study_of_autopilot,Ardupilot,https://github.com/ArduPilot/ardupilot/pull/9700,https://github.com/ArduPilot/ardupilot/pull/9700,The parameter conversion code was tested when the failsafes were called BATT_FS_LOW_VOLT,no_comments_in_source,not_available_in_source,not_available_in_source,not_available_in_source,The parameter conversion code was tested when the failsafes were called BATT_FS_LOW_VOLT,parameter,parameter,Ardupilot,,,,,,"{""stage"": ""stage2""}",data/raw_stage1/fse2021_an_exploratory_study_of_autopilot/bugSetAndTaxonomy-3_2.zip,bugTaxonomy/3rd iteration(result).xlsx,164.0
fse2021_an_exploratory_study_of_autopilot:a9b8b77ea5753307,fse2021_an_exploratory_study_of_autopilot,Ardupilot,https://github.com/ArduPilot/ardupilot/pull/9727,https://github.com/ArduPilot/ardupilot/pull/9727,Benewake sends max-range+1m when out of range,no_comments_in_source,not_available_in_source,not_available_in_source,not_available_in_source,Benewake sends max-range+1m when out of range,limit,limit,Ardupilot,,,,,,"{""stage"": ""stage2""}",data/raw_stage1/fse2021_an_exploratory_study_of_autopilot/bugSetAndTaxonomy-3_2.zip,bugTaxonomy/3rd iteration(result).xlsx,165.0
fse2021_an_exploratory_study_of_autopilot:22713c013df7aa61,fse2021_an_exploratory_study_of_autopilot,Ardupilot,https://github.com/ArduPilot/ardupilot/pull/9947,https://github.com/ArduPilot/ardupilot/pull/9947,"not clear, need discussion",no_comments_in_source,not_available_in_source,not_available_in_source,not_available_in_source,"not clear, need discussion",consistency,consistency,Ardupilot,,,,,,"{""stage"": ""stage2""}",data/raw_stage1/fse2021_an_exploratory_study_of_autopilot/bugSetAndTaxonomy-3_2.zip,bugTaxonomy/3rd iteration(result).xlsx,166.0
fse2021_an_exploratory_study_of_autopilot:0343588fdbbc4392,fse2021_an_exploratory_study_of_autopilot,Ardupilot,https://github.com/ArduPilot/ardupilot/pull/9998,https://github.com/ArduPilot/ardupilot/pull/9998,orientation of 2nd OmnibusF7V2 IMU,no_comments_in_source,not_available_in_source,not_available_in_source,not_available_in_source,orientation of 2nd OmnibusF7V2 IMU,hardware,hardware,Ardupilot,,,,,,"{""stage"": ""stage2""}",data/raw_stage1/fse2021_an_exploratory_study_of_autopilot/bugSetAndTaxonomy-3_2.zip,bugTaxonomy/3rd iteration(result).xlsx,167.0
fse2021_an_exploratory_study_of_autopilot:e9d6bb838b3a6104,fse2021_an_exploratory_study_of_autopilot,PX4,https://github.com/PX4/Firmware/issues/10033,https://github.com/PX4/Firmware/issues/10033,"not clear, need discussion",no_comments_in_source,not_available_in_source,not_available_in_source,not_available_in_source,"not clear, need discussion",math,math,PX4,,,,,,"{""stage"": ""stage2""}",data/raw_stage1/fse2021_an_exploratory_study_of_autopilot/bugSetAndTaxonomy-3_2.zip,bugTaxonomy/3rd iteration(result).xlsx,0.0
fse2021_an_exploratory_study_of_autopilot:9c51ee1b07283540,fse2021_an_exploratory_study_of_autopilot,PX4,https://github.com/PX4/Firmware/issues/1097,https://github.com/PX4/Firmware/issues/1097,Unused parameter,no_comments_in_source,not_available_in_source,not_available_in_source,not_available_in_source,Unused parameter,parameter,parameter,PX4,,,,,,"{""stage"": ""stage2""}",data/raw_stage1/fse2021_an_exploratory_study_of_autopilot/bugSetAndTaxonomy-3_2.zip,bugTaxonomy/3rd iteration(result).xlsx,1.0
fse2021_an_exploratory_study_of_autopilot:df72638fa2c5931e,fse2021_an_exploratory_study_of_autopilot,PX4,https://github.com/PX4/Firmware/issues/1098,https://github.com/PX4/Firmware/issues/1098,Lack variable initialization,no_comments_in_source,not_available_in_source,not_available_in_source,not_available_in_source,Lack variable initialization,innitialize,innitialize,PX4,,,,,,"{""stage"": ""stage2""}",data/raw_stage1/fse2021_an_exploratory_study_of_autopilot/bugSetAndTaxonomy-3_2.zip,bugTaxonomy/3rd iteration(result).xlsx,2.0
fse2021_an_exploratory_study_of_autopilot:9d74b6597215a5f9,fse2021_an_exploratory_study_of_autopilot,PX4,https://github.com/PX4/Firmware/issues/1105,https://github.com/PX4/Firmware/issues/1105,Unused TECS parameters,no_comments_in_source,not_available_in_source,not_available_in_source,not_available_in_source,Unused TECS parameters,parameter,parameter,PX4,,,,,,"{""stage"": ""stage2""}",data/raw_stage1/fse2021_an_exploratory_study_of_autopilot/bugSetAndTaxonomy-3_2.zip,bugTaxonomy/3rd iteration(result).xlsx,3.0
fse2021_an_exploratory_study_of_autopilot:6fe74787cd8ccb64,fse2021_an_exploratory_study_of_autopilot,PX4,https://github.com/PX4/Firmware/issues/1201,https://github.com/PX4/Firmware/issues/1201,Incorrect parameter of first run,no_comments_in_source,not_available_in_source,not_available_in_source,not_available_in_source,Incorrect parameter of first run,innitialize,innitialize,PX4,,,,,,"{""stage"": ""stage2""}",data/raw_stage1/fse2021_an_exploratory_study_of_autopilot/bugSetAndTaxonomy-3_2.zip,bugTaxonomy/3rd iteration(result).xlsx,4.0
fse2021_an_exploratory_study_of_autopilot:d5fdb62bbaacaae2,fse2021_an_exploratory_study_of_autopilot,PX4,https://github.com/PX4/Firmware/issues/1328,https://github.com/PX4/Firmware/issues/1328,Incorrect task priority configuration,no_comments_in_source,not_available_in_source,not_available_in_source,not_available_in_source,Incorrect task priority configuration,priority,priority,PX4,,,,,,"{""stage"": ""stage2""}",data/raw_stage1/fse2021_an_exploratory_study_of_autopilot/bugSetAndTaxonomy-3_2.zip,bugTaxonomy/3rd iteration(result).xlsx,5.0
fse2021_an_exploratory_study_of_autopilot:eca2de18d22832f0,fse2021_an_exploratory_study_of_autopilot,PX4,https://github.com/PX4/Firmware/issues/2408,https://github.com/PX4/Firmware/issues/2408,Function conflict?,no_comments_in_source,not_available_in_source,not_available_in_source,not_available_in_source,Function conflict?,hardware,hardware,PX4,,,,,,"{""stage"": ""stage2""}",data/raw_stage1/fse2021_an_exploratory_study_of_autopilot/bugSetAndTaxonomy-3_2.zip,bugTaxonomy/3rd iteration(result).xlsx,6.0
fse2021_an_exploratory_study_of_autopilot:4224c4d37f9b447f,fse2021_an_exploratory_study_of_autopilot,PX4,https://github.com/PX4/Firmware/issues/2637,https://github.com/PX4/Firmware/issues/2637,Improper scaling for mavlink message,no_comments_in_source,not_available_in_source,not_available_in_source,not_available_in_source,Improper scaling for mavlink message,math,math,PX4,,,,,,"{""stage"": ""stage2""}",data/raw_stage1/fse2021_an_exploratory_study_of_autopilot/bugSetAndTaxonomy-3_2.zip,bugTaxonomy/3rd iteration(result).xlsx,7.0
fse2021_an_exploratory_study_of_autopilot:b7c475e7373d0540,fse2021_an_exploratory_study_of_autopilot,PX4,https://github.com/PX4/Firmware/issues/2810,https://github.com/PX4/Firmware/issues/2810,Velocity control,no_comments_in_source,not_available_in_source,not_available_in_source,not_available_in_source,Velocity control,limit,limit,PX4,,,,,,"{""stage"": ""stage2""}",data/raw_stage1/fse2021_an_exploratory_study_of_autopilot/bugSetAndTaxonomy-3_2.zip,bugTaxonomy/3rd iteration(result).xlsx,8.0
fse2021_an_exploratory_study_of_autopilot:c0d7d4c670c5ff91,fse2021_an_exploratory_study_of_autopilot,PX4,https://github.com/PX4/Firmware/issues/2951,https://github.com/PX4/Firmware/issues/2951,Param dependencies.,no_comments_in_source,not_available_in_source,not_available_in_source,not_available_in_source,Param dependencies.,parameter,parameter,PX4,,,,,,"{""stage"": ""stage2""}",data/raw_stage1/fse2021_an_exploratory_study_of_autopilot/bugSetAndTaxonomy-3_2.zip,bugTaxonomy/3rd iteration(result).xlsx,9.0
fse2021_an_exploratory_study_of_autopilot:0d87d6977031c898,fse2021_an_exploratory_study_of_autopilot,PX4,https://github.com/PX4/Firmware/issues/3535,https://github.com/PX4/Firmware/issues/3535,Wrong checking range for parameter,no_comments_in_source,not_available_in_source,not_available_in_source,not_available_in_source,Wrong checking range for parameter,limit,limit,PX4,,,,,,"{""stage"": ""stage2""}",data/raw_stage1/fse2021_an_exploratory_study_of_autopilot/bugSetAndTaxonomy-3_2.zip,bugTaxonomy/3rd iteration(result).xlsx,10.0
fse2021_an_exploratory_study_of_autopilot:93291b1306825b3d,fse2021_an_exploratory_study_of_autopilot,PX4,https://github.com/PX4/Firmware/issues/3659,https://github.com/PX4/Firmware/issues/3659,Configuration (channel mapping),no_comments_in_source,not_available_in_source,not_available_in_source,not_available_in_source,Configuration (channel mapping),consistency,consistency,PX4,,,,,,"{""stage"": ""stage2""}",data/raw_stage1/fse2021_an_exploratory_study_of_autopilot/bugSetAndTaxonomy-3_2.zip,bugTaxonomy/3rd iteration(result).xlsx,11.0
fse2021_an_exploratory_study_of_autopilot:01fb7c04d21d1b7e,fse2021_an_exploratory_study_of_autopilot,PX4,https://github.com/PX4/Firmware/issues/3794,https://github.com/PX4/Firmware/issues/3794,Lack initializing abort_transition bool,no_comments_in_source,not_available_in_source,not_available_in_source,not_available_in_source,Lack initializing abort_transition bool,innitialize,innitialize,PX4,,,,,,"{""stage"": ""stage2""}",data/raw_stage1/fse2021_an_exploratory_study_of_autopilot/bugSetAndTaxonomy-3_2.zip,bugTaxonomy/3rd iteration(result).xlsx,12.0
fse2021_an_exploratory_study_of_autopilot:6eff53d79a845a0c,fse2021_an_exploratory_study_of_autopilot,PX4,https://github.com/PX4/Firmware/issues/4135,https://github.com/PX4/Firmware/issues/4135,Incorrect stack of low-priority thread,no_comments_in_source,not_available_in_source,not_available_in_source,not_available_in_source,Incorrect stack of low-priority thread,priority,priority,PX4,,,,,,"{""stage"": ""stage2""}",data/raw_stage1/fse2021_an_exploratory_study_of_autopilot/bugSetAndTaxonomy-3_2.zip,bugTaxonomy/3rd iteration(result).xlsx,13.0
fse2021_an_exploratory_study_of_autopilot:9b1fbaeafcf05254,fse2021_an_exploratory_study_of_autopilot,PX4,https://github.com/PX4/Firmware/issues/4316,https://github.com/PX4/Firmware/issues/4316,"not clear, need discussion",no_comments_in_source,not_available_in_source,not_available_in_source,not_available_in_source,"not clear, need discussion",hardware,hardware,PX4,,,,,,"{""stage"": ""stage2""}",data/raw_stage1/fse2021_an_exploratory_study_of_autopilot/bugSetAndTaxonomy-3_2.zip,bugTaxonomy/3rd iteration(result).xlsx,14.0
fse2021_an_exploratory_study_of_autopilot:5c6bb7ab52c32b4a,fse2021_an_exploratory_study_of_autopilot,PX4,https://github.com/PX4/Firmware/issues/4356,https://github.com/PX4/Firmware/issues/4356,"not clear, need discussion",no_comments_in_source,not_available_in_source,not_available_in_source,not_available_in_source,"not clear, need discussion",parameter,parameter,PX4,,,,,,"{""stage"": ""stage2""}",data/raw_stage1/fse2021_an_exploratory_study_of_autopilot/bugSetAndTaxonomy-3_2.zip,bugTaxonomy/3rd iteration(result).xlsx,15.0
fse2021_an_exploratory_study_of_autopilot:92fdccc139627ca2,fse2021_an_exploratory_study_of_autopilot,PX4,https://github.com/PX4/Firmware/issues/4421,https://github.com/PX4/Firmware/issues/4421,Lack initialization of uORB Manager,no_comments_in_source,not_available_in_source,not_available_in_source,not_available_in_source,Lack initialization of uORB Manager,hardware,hardware,PX4,,,,,,"{""stage"": ""stage2""}",data/raw_stage1/fse2021_an_exploratory_study_of_autopilot/bugSetAndTaxonomy-3_2.zip,bugTaxonomy/3rd iteration(result).xlsx,16.0
fse2021_an_exploratory_study_of_autopilot:f10d61019b47f45d,fse2021_an_exploratory_study_of_autopilot,PX4,https://github.com/PX4/Firmware/issues/4639,https://github.com/PX4/Firmware/issues/4639,"Lack probing first, then start measure calls",no_comments_in_source,not_available_in_source,not_available_in_source,not_available_in_source,"Lack probing first, then start measure calls",priority,priority,PX4,,,,,,"{""stage"": ""stage2""}",data/raw_stage1/fse2021_an_exploratory_study_of_autopilot/bugSetAndTaxonomy-3_2.zip,bugTaxonomy/3rd iteration(result).xlsx,17.0
fse2021_an_exploratory_study_of_autopilot:63c690b28aa4d7d0,fse2021_an_exploratory_study_of_autopilot,PX4,https://github.com/PX4/Firmware/issues/4722,https://github.com/PX4/Firmware/issues/4722,"not clear, need discussion",no_comments_in_source,not_available_in_source,not_available_in_source,not_available_in_source,"not clear, need discussion",parameter,parameter,PX4,,,,,,"{""stage"": ""stage2""}",data/raw_stage1/fse2021_an_exploratory_study_of_autopilot/bugSetAndTaxonomy-3_2.zip,bugTaxonomy/3rd iteration(result).xlsx,18.0
fse2021_an_exploratory_study_of_autopilot:2f2ba542e9e742f3,fse2021_an_exploratory_study_of_autopilot,PX4,https://github.com/PX4/Firmware/issues/4745,https://github.com/PX4/Firmware/issues/4745,Incorrect function parameter,no_comments_in_source,not_available_in_source,not_available_in_source,not_available_in_source,Incorrect function parameter,parameter,parameter,PX4,,,,,,"{""stage"": ""stage2""}",data/raw_stage1/fse2021_an_exploratory_study_of_autopilot/bugSetAndTaxonomy-3_2.zip,bugTaxonomy/3rd iteration(result).xlsx,19.0
fse2021_an_exploratory_study_of_autopilot:06968bc14f35bb09,fse2021_an_exploratory_study_of_autopilot,PX4,https://github.com/PX4/Firmware/issues/4767,https://github.com/PX4/Firmware/issues/4767,Parameter (improper prefix construction),no_comments_in_source,not_available_in_source,not_available_in_source,not_available_in_source,Parameter (improper prefix construction),parameter,parameter,PX4,,,,,,"{""stage"": ""stage2""}",data/raw_stage1/fse2021_an_exploratory_study_of_autopilot/bugSetAndTaxonomy-3_2.zip,bugTaxonomy/3rd iteration(result).xlsx,20.0
fse2021_an_exploratory_study_of_autopilot:b36e0f32b014b1d1,fse2021_an_exploratory_study_of_autopilot,PX4,https://github.com/PX4/Firmware/issues/4799,https://github.com/PX4/Firmware/issues/4799,Wrong parameter,no_comments_in_source,not_available_in_source,not_available_in_source,not_available_in_source,Wrong parameter,parameter,parameter,PX4,,,,,,"{""stage"": ""stage2""}",data/raw_stage1/fse2021_an_exploratory_study_of_autopilot/bugSetAndTaxonomy-3_2.zip,bugTaxonomy/3rd iteration(result).xlsx,21.0
fse2021_an_exploratory_study_of_autopilot:0d51aee6a3129c77,fse2021_an_exploratory_study_of_autopilot,PX4,https://github.com/PX4/Firmware/issues/5110,https://github.com/PX4/Firmware/issues/5110,Incorrect interval between samples,no_comments_in_source,not_available_in_source,not_available_in_source,not_available_in_source,Incorrect interval between samples,math,math,PX4,,,,,,"{""stage"": ""stage2""}",data/raw_stage1/fse2021_an_exploratory_study_of_autopilot/bugSetAndTaxonomy-3_2.zip,bugTaxonomy/3rd iteration(result).xlsx,22.0
fse2021_an_exploratory_study_of_autopilot:ad7cd73db8e5a10b,fse2021_an_exploratory_study_of_autopilot,PX4,https://github.com/PX4/Firmware/issues/5243,https://github.com/PX4/Firmware/issues/5243,Incorrect return type of function,no_comments_in_source,not_available_in_source,not_available_in_source,not_available_in_source,Incorrect return type of function,priority,priority,PX4,,,,,,"{""stage"": ""stage2""}",data/raw_stage1/fse2021_an_exploratory_study_of_autopilot/bugSetAndTaxonomy-3_2.zip,bugTaxonomy/3rd iteration(result).xlsx,23.0
fse2021_an_exploratory_study_of_autopilot:868949b02b6dde23,fse2021_an_exploratory_study_of_autopilot,PX4,https://github.com/PX4/Firmware/issues/5305,https://github.com/PX4/Firmware/issues/5305,Incorrect HIL/SITL multirotor actuator range,no_comments_in_source,not_available_in_source,not_available_in_source,not_available_in_source,Incorrect HIL/SITL multirotor actuator range,"limit,range","limit,range",PX4,,,,,,"{""stage"": ""stage2""}",data/raw_stage1/fse2021_an_exploratory_study_of_autopilot/bugSetAndTaxonomy-3_2.zip,bugTaxonomy/3rd iteration(result).xlsx,24.0
fse2021_an_exploratory_study_of_autopilot:766c8631941d21f8,fse2021_an_exploratory_study_of_autopilot,PX4,https://github.com/PX4/Firmware/issues/5771,https://github.com/PX4/Firmware/issues/5771,Param update bugs,no_comments_in_source,not_available_in_source,not_available_in_source,not_available_in_source,Param update bugs,parameter,parameter,PX4,,,,,,"{""stage"": ""stage2""}",data/raw_stage1/fse2021_an_exploratory_study_of_autopilot/bugSetAndTaxonomy-3_2.zip,bugTaxonomy/3rd iteration(result).xlsx,25.0
fse2021_an_exploratory_study_of_autopilot:84ca9bb95c0718a8,fse2021_an_exploratory_study_of_autopilot,PX4,https://github.com/PX4/Firmware/issues/6488,https://github.com/PX4/Firmware/issues/6488,Lack parameter to enable rc stick override,no_comments_in_source,not_available_in_source,not_available_in_source,not_available_in_source,Lack parameter to enable rc stick override,parameter,parameter,PX4,,,,,,"{""stage"": ""stage2""}",data/raw_stage1/fse2021_an_exploratory_study_of_autopilot/bugSetAndTaxonomy-3_2.zip,bugTaxonomy/3rd iteration(result).xlsx,26.0
fse2021_an_exploratory_study_of_autopilot:cefc6c8d91acc160,fse2021_an_exploratory_study_of_autopilot,PX4,https://github.com/PX4/Firmware/issues/6651,https://github.com/PX4/Firmware/issues/6651,exit landing state if manual.z is larger than threshold,no_comments_in_source,not_available_in_source,not_available_in_source,not_available_in_source,exit landing state if manual.z is larger than threshold,limit,limit,PX4,,,,,,"{""stage"": ""stage2""}",data/raw_stage1/fse2021_an_exploratory_study_of_autopilot/bugSetAndTaxonomy-3_2.zip,bugTaxonomy/3rd iteration(result).xlsx,27.0
fse2021_an_exploratory_study_of_autopilot:aa03719374c8b4aa,fse2021_an_exploratory_study_of_autopilot,PX4,https://github.com/PX4/Firmware/issues/6669,https://github.com/PX4/Firmware/issues/6669,Lack re-initialization of RTL every time when it gets re-enabled,no_comments_in_source,not_available_in_source,not_available_in_source,not_available_in_source,Lack re-initialization of RTL every time when it gets re-enabled,innitialize,innitialize,PX4,,,,,,"{""stage"": ""stage2""}",data/raw_stage1/fse2021_an_exploratory_study_of_autopilot/bugSetAndTaxonomy-3_2.zip,bugTaxonomy/3rd iteration(result).xlsx,28.0
fse2021_an_exploratory_study_of_autopilot:4e4d2246fb9a5e11,fse2021_an_exploratory_study_of_autopilot,PX4,https://github.com/PX4/Firmware/issues/6726,https://github.com/PX4/Firmware/issues/6726,Incorrect parameter for the max altitude,no_comments_in_source,not_available_in_source,not_available_in_source,not_available_in_source,Incorrect parameter for the max altitude,limit,limit,PX4,,,,,,"{""stage"": ""stage2""}",data/raw_stage1/fse2021_an_exploratory_study_of_autopilot/bugSetAndTaxonomy-3_2.zip,bugTaxonomy/3rd iteration(result).xlsx,29.0
fse2021_an_exploratory_study_of_autopilot:1210e29c32587d59,fse2021_an_exploratory_study_of_autopilot,PX4,https://github.com/PX4/Firmware/issues/6876,https://github.com/PX4/Firmware/issues/6876,Takeoff overshoot comes from the hover throttle feedforward,no_comments_in_source,not_available_in_source,not_available_in_source,not_available_in_source,Takeoff overshoot comes from the hover throttle feedforward,math,math,PX4,,,,,,"{""stage"": ""stage2""}",data/raw_stage1/fse2021_an_exploratory_study_of_autopilot/bugSetAndTaxonomy-3_2.zip,bugTaxonomy/3rd iteration(result).xlsx,30.0
fse2021_an_exploratory_study_of_autopilot:75569c6a10d85f6b,fse2021_an_exploratory_study_of_autopilot,PX4,https://github.com/PX4/Firmware/issues/7033,https://github.com/PX4/Firmware/issues/7033,lat/lon conversions of HIL_STATE_QUATERNION in simulator_mavlink.cpp,no_comments_in_source,not_available_in_source,not_available_in_source,not_available_in_source,lat/lon conversions of HIL_STATE_QUATERNION in simulator_mavlink.cpp,math,math,PX4,,,,,,"{""stage"": ""stage2""}",data/raw_stage1/fse2021_an_exploratory_study_of_autopilot/bugSetAndTaxonomy-3_2.zip,bugTaxonomy/3rd iteration(result).xlsx,31.0
fse2021_an_exploratory_study_of_autopilot:d288064ee4220230,fse2021_an_exploratory_study_of_autopilot,PX4,https://github.com/PX4/Firmware/issues/7097,https://github.com/PX4/Firmware/issues/7097,Parameter (FW pitch limit doesn't consider pitch setpoint offset),no_comments_in_source,not_available_in_source,not_available_in_source,not_available_in_source,Parameter (FW pitch limit doesn't consider pitch setpoint offset),limit,limit,PX4,,,,,,"{""stage"": ""stage2""}",data/raw_stage1/fse2021_an_exploratory_study_of_autopilot/bugSetAndTaxonomy-3_2.zip,bugTaxonomy/3rd iteration(result).xlsx,32.0
fse2021_an_exploratory_study_of_autopilot:8120b475048c69c9,fse2021_an_exploratory_study_of_autopilot,PX4,https://github.com/PX4/Firmware/issues/71325,https://github.com/PX4/Firmware/issues/71325,not_available_in_source,no_comments_in_source,not_available_in_source,not_available_in_source,not_available_in_source,,hardware,hardware,PX4,,,,,,"{""stage"": ""stage2""}",data/raw_stage1/fse2021_an_exploratory_study_of_autopilot/bugSetAndTaxonomy-3_2.zip,bugTaxonomy/3rd iteration(result).xlsx,41.0
fse2021_an_exploratory_study_of_autopilot:8395a98f3c31974d,fse2021_an_exploratory_study_of_autopilot,PX4,https://github.com/PX4/Firmware/issues/7288,https://github.com/PX4/Firmware/issues/7288,Wrong thrust reduction for yaw control,no_comments_in_source,not_available_in_source,not_available_in_source,not_available_in_source,Wrong thrust reduction for yaw control,math,math,PX4,,,,,,"{""stage"": ""stage2""}",data/raw_stage1/fse2021_an_exploratory_study_of_autopilot/bugSetAndTaxonomy-3_2.zip,bugTaxonomy/3rd iteration(result).xlsx,33.0
fse2021_an_exploratory_study_of_autopilot:5536e7a4b8c95955,fse2021_an_exploratory_study_of_autopilot,PX4,https://github.com/PX4/Firmware/issues/7309,https://github.com/PX4/Firmware/issues/7309,Pr altitude max fix,no_comments_in_source,not_available_in_source,not_available_in_source,not_available_in_source,Pr altitude max fix,limit,limit,PX4,,,,,,"{""stage"": ""stage2""}",data/raw_stage1/fse2021_an_exploratory_study_of_autopilot/bugSetAndTaxonomy-3_2.zip,bugTaxonomy/3rd iteration(result).xlsx,34.0
fse2021_an_exploratory_study_of_autopilot:0a8696c3031c74e9,fse2021_an_exploratory_study_of_autopilot,PX4,https://github.com/PX4/Firmware/issues/7325,https://github.com/PX4/Firmware/issues/7325,Incorrectly handle internal magnetometer rotations,no_comments_in_source,not_available_in_source,not_available_in_source,not_available_in_source,Incorrectly handle internal magnetometer rotations,consistency,consistency,PX4,,,,,,"{""stage"": ""stage2""}",data/raw_stage1/fse2021_an_exploratory_study_of_autopilot/bugSetAndTaxonomy-3_2.zip,bugTaxonomy/3rd iteration(result).xlsx,35.0
fse2021_an_exploratory_study_of_autopilot:74e4c40f381e76a1,fse2021_an_exploratory_study_of_autopilot,PX4,https://github.com/PX4/Firmware/issues/7467,https://github.com/PX4/Firmware/issues/7467,Pr move velocity constraints to end,no_comments_in_source,not_available_in_source,not_available_in_source,not_available_in_source,Pr move velocity constraints to end,limit,limit,PX4,,,,,,"{""stage"": ""stage2""}",data/raw_stage1/fse2021_an_exploratory_study_of_autopilot/bugSetAndTaxonomy-3_2.zip,bugTaxonomy/3rd iteration(result).xlsx,36.0
fse2021_an_exploratory_study_of_autopilot:3d50ff4d46b3b50b,fse2021_an_exploratory_study_of_autopilot,PX4,https://github.com/PX4/Firmware/issues/7510,https://github.com/PX4/Firmware/issues/7510,navigator mission_block check range for loiter exit,no_comments_in_source,not_available_in_source,not_available_in_source,not_available_in_source,navigator mission_block check range for loiter exit,limit,limit,PX4,,,,,,"{""stage"": ""stage2""}",data/raw_stage1/fse2021_an_exploratory_study_of_autopilot/bugSetAndTaxonomy-3_2.zip,bugTaxonomy/3rd iteration(result).xlsx,37.0
fse2021_an_exploratory_study_of_autopilot:d037b33b4fa7d330,fse2021_an_exploratory_study_of_autopilot,PX4,https://github.com/PX4/Firmware/issues/7535,https://github.com/PX4/Firmware/issues/7535,"not clear, need discussion",no_comments_in_source,not_available_in_source,not_available_in_source,not_available_in_source,"not clear, need discussion",limit,limit,PX4,,,,,,"{""stage"": ""stage2""}",data/raw_stage1/fse2021_an_exploratory_study_of_autopilot/bugSetAndTaxonomy-3_2.zip,bugTaxonomy/3rd iteration(result).xlsx,38.0
fse2021_an_exploratory_study_of_autopilot:4dade00b46b3aaa0,fse2021_an_exploratory_study_of_autopilot,PX4,https://github.com/PX4/Firmware/issues/7609,https://github.com/PX4/Firmware/issues/7609,configure the EKF to use an order of magnitude larger value for EKF2_ACC_NOISE,no_comments_in_source,not_available_in_source,not_available_in_source,not_available_in_source,configure the EKF to use an order of magnitude larger value for EKF2_ACC_NOISE,consistency,consistency,PX4,,,,,,"{""stage"": ""stage2""}",data/raw_stage1/fse2021_an_exploratory_study_of_autopilot/bugSetAndTaxonomy-3_2.zip,bugTaxonomy/3rd iteration(result).xlsx,39.0
fse2021_an_exploratory_study_of_autopilot:759eb0916ead23d8,fse2021_an_exploratory_study_of_autopilot,PX4,https://github.com/PX4/Firmware/issues/7696,https://github.com/PX4/Firmware/issues/7696,"not clear, need discussion",no_comments_in_source,not_available_in_source,not_available_in_source,not_available_in_source,"not clear, need discussion",hardware,hardware,PX4,,,,,,"{""stage"": ""stage2""}",data/raw_stage1/fse2021_an_exploratory_study_of_autopilot/bugSetAndTaxonomy-3_2.zip,bugTaxonomy/3rd iteration(result).xlsx,40.0
fse2021_an_exploratory_study_of_autopilot:fb20c0de2752d988,fse2021_an_exploratory_study_of_autopilot,PX4,https://github.com/PX4/Firmware/issues/773,https://github.com/PX4/Firmware/issues/773,Incorrect HIL actuator range,no_comments_in_source,not_available_in_source,not_available_in_source,not_available_in_source,Incorrect HIL actuator range,limit,limit,PX4,,,,,,"{""stage"": ""stage2""}",data/raw_stage1/fse2021_an_exploratory_study_of_autopilot/bugSetAndTaxonomy-3_2.zip,bugTaxonomy/3rd iteration(result).xlsx,42.0
fse2021_an_exploratory_study_of_autopilot:df16b541b56f7fcf,fse2021_an_exploratory_study_of_autopilot,PX4,https://github.com/PX4/Firmware/issues/7737,https://github.com/PX4/Firmware/issues/7737,Maybe-landed state for VTOL,no_comments_in_source,not_available_in_source,not_available_in_source,not_available_in_source,Maybe-landed state for VTOL,consistency,consistency,PX4,,,,,,"{""stage"": ""stage2""}",data/raw_stage1/fse2021_an_exploratory_study_of_autopilot/bugSetAndTaxonomy-3_2.zip,bugTaxonomy/3rd iteration(result).xlsx,43.0
fse2021_an_exploratory_study_of_autopilot:4d87cc49b261741c,fse2021_an_exploratory_study_of_autopilot,PX4,https://github.com/PX4/Firmware/issues/7746,https://github.com/PX4/Firmware/issues/7746,Support for different types of UAV,no_comments_in_source,not_available_in_source,not_available_in_source,not_available_in_source,Support for different types of UAV,consistency,consistency,PX4,,,,,,"{""stage"": ""stage2""}",data/raw_stage1/fse2021_an_exploratory_study_of_autopilot/bugSetAndTaxonomy-3_2.zip,bugTaxonomy/3rd iteration(result).xlsx,44.0
fse2021_an_exploratory_study_of_autopilot:ae4a1752cecca9f1,fse2021_an_exploratory_study_of_autopilot,PX4,https://github.com/PX4/Firmware/issues/7755,https://github.com/PX4/Firmware/issues/7755,vmount,no_comments_in_source,not_available_in_source,not_available_in_source,not_available_in_source,vmount,limit,limit,PX4,,,,,,"{""stage"": ""stage2""}",data/raw_stage1/fse2021_an_exploratory_study_of_autopilot/bugSetAndTaxonomy-3_2.zip,bugTaxonomy/3rd iteration(result).xlsx,45.0
fse2021_an_exploratory_study_of_autopilot:ae1fc44acbaa24a1,fse2021_an_exploratory_study_of_autopilot,PX4,https://github.com/PX4/Firmware/issues/7861,https://github.com/PX4/Firmware/issues/7861,Callback would not modify the control value in case that it failed to get an control value,no_comments_in_source,not_available_in_source,not_available_in_source,not_available_in_source,Callback would not modify the control value in case that it failed to get an control value,math,math,PX4,,,,,,"{""stage"": ""stage2""}",data/raw_stage1/fse2021_an_exploratory_study_of_autopilot/bugSetAndTaxonomy-3_2.zip,bugTaxonomy/3rd iteration(result).xlsx,46.0
fse2021_an_exploratory_study_of_autopilot:86c350b6f1cb72e3,fse2021_an_exploratory_study_of_autopilot,PX4,https://github.com/PX4/Firmware/issues/805,https://github.com/PX4/Firmware/issues/805,Make minimum airspeed assumptions,no_comments_in_source,not_available_in_source,not_available_in_source,not_available_in_source,Make minimum airspeed assumptions,limit,limit,PX4,,,,,,"{""stage"": ""stage2""}",data/raw_stage1/fse2021_an_exploratory_study_of_autopilot/bugSetAndTaxonomy-3_2.zip,bugTaxonomy/3rd iteration(result).xlsx,47.0
fse2021_an_exploratory_study_of_autopilot:a121b0c4f464a3c4,fse2021_an_exploratory_study_of_autopilot,PX4,https://github.com/PX4/Firmware/issues/8102,https://github.com/PX4/Firmware/issues/8102,Optical flow bugs,no_comments_in_source,not_available_in_source,not_available_in_source,not_available_in_source,Optical flow bugs,math,math,PX4,,,,,,"{""stage"": ""stage2""}",data/raw_stage1/fse2021_an_exploratory_study_of_autopilot/bugSetAndTaxonomy-3_2.zip,bugTaxonomy/3rd iteration(result).xlsx,48.0
fse2021_an_exploratory_study_of_autopilot:81fb6beb4328d825,fse2021_an_exploratory_study_of_autopilot,PX4,https://github.com/PX4/Firmware/issues/8186,https://github.com/PX4/Firmware/issues/8186,"not clear, need discussion",no_comments_in_source,not_available_in_source,not_available_in_source,not_available_in_source,"not clear, need discussion",priority,priority,PX4,,,,,,"{""stage"": ""stage2""}",data/raw_stage1/fse2021_an_exploratory_study_of_autopilot/bugSetAndTaxonomy-3_2.zip,bugTaxonomy/3rd iteration(result).xlsx,49.0
fse2021_an_exploratory_study_of_autopilot:242337004e97689f,fse2021_an_exploratory_study_of_autopilot,PX4,https://github.com/PX4/Firmware/issues/8198,https://github.com/PX4/Firmware/issues/8198,Incorrect battery estimation,no_comments_in_source,not_available_in_source,not_available_in_source,not_available_in_source,Incorrect battery estimation,math,math,PX4,,,,,,"{""stage"": ""stage2""}",data/raw_stage1/fse2021_an_exploratory_study_of_autopilot/bugSetAndTaxonomy-3_2.zip,bugTaxonomy/3rd iteration(result).xlsx,50.0
fse2021_an_exploratory_study_of_autopilot:a6b15dc823d5d567,fse2021_an_exploratory_study_of_autopilot,PX4,https://github.com/PX4/Firmware/issues/8280,https://github.com/PX4/Firmware/issues/8280,"not clear, need discussion",no_comments_in_source,not_available_in_source,not_available_in_source,not_available_in_source,"not clear, need discussion",parameter,parameter,PX4,,,,,,"{""stage"": ""stage2""}",data/raw_stage1/fse2021_an_exploratory_study_of_autopilot/bugSetAndTaxonomy-3_2.zip,bugTaxonomy/3rd iteration(result).xlsx,51.0
fse2021_an_exploratory_study_of_autopilot:976b07c250998feb,fse2021_an_exploratory_study_of_autopilot,PX4,https://github.com/PX4/Firmware/issues/8460,https://github.com/PX4/Firmware/issues/8460,VTOL standard preserve PWM_MIN and PWM_MAX,no_comments_in_source,not_available_in_source,not_available_in_source,not_available_in_source,VTOL standard preserve PWM_MIN and PWM_MAX,limit,limit,PX4,,,,,,"{""stage"": ""stage2""}",data/raw_stage1/fse2021_an_exploratory_study_of_autopilot/bugSetAndTaxonomy-3_2.zip,bugTaxonomy/3rd iteration(result).xlsx,52.0
fse2021_an_exploratory_study_of_autopilot:4bd18646faafc6b2,fse2021_an_exploratory_study_of_autopilot,PX4,https://github.com/PX4/Firmware/issues/8477,https://github.com/PX4/Firmware/issues/8477,Support for specific hardware,no_comments_in_source,not_available_in_source,not_available_in_source,not_available_in_source,Support for specific hardware,hardware,hardware,PX4,,,,,,"{""stage"": ""stage2""}",data/raw_stage1/fse2021_an_exploratory_study_of_autopilot/bugSetAndTaxonomy-3_2.zip,bugTaxonomy/3rd iteration(result).xlsx,53.0
fse2021_an_exploratory_study_of_autopilot:8dc3266def112123,fse2021_an_exploratory_study_of_autopilot,PX4,https://github.com/PX4/Firmware/issues/8508,https://github.com/PX4/Firmware/issues/8508,Incorrect initialization of tecs,no_comments_in_source,not_available_in_source,not_available_in_source,not_available_in_source,Incorrect initialization of tecs,innitialize,innitialize,PX4,,,,,,"{""stage"": ""stage2""}",data/raw_stage1/fse2021_an_exploratory_study_of_autopilot/bugSetAndTaxonomy-3_2.zip,bugTaxonomy/3rd iteration(result).xlsx,54.0
fse2021_an_exploratory_study_of_autopilot:4df167d887f8b94c,fse2021_an_exploratory_study_of_autopilot,PX4,https://github.com/PX4/Firmware/issues/8628,https://github.com/PX4/Firmware/issues/8628,Wrongly computed mixing tables,no_comments_in_source,not_available_in_source,not_available_in_source,not_available_in_source,Wrongly computed mixing tables,math,math,PX4,,,,,,"{""stage"": ""stage2""}",data/raw_stage1/fse2021_an_exploratory_study_of_autopilot/bugSetAndTaxonomy-3_2.zip,bugTaxonomy/3rd iteration(result).xlsx,55.0
fse2021_an_exploratory_study_of_autopilot:d17485a44dd66e2d,fse2021_an_exploratory_study_of_autopilot,PX4,https://github.com/PX4/Firmware/issues/8808,https://github.com/PX4/Firmware/issues/8808,Incorrect handling of baud rate values in RTPS,no_comments_in_source,not_available_in_source,not_available_in_source,not_available_in_source,Incorrect handling of baud rate values in RTPS,math,math,PX4,,,,,,"{""stage"": ""stage2""}",data/raw_stage1/fse2021_an_exploratory_study_of_autopilot/bugSetAndTaxonomy-3_2.zip,bugTaxonomy/3rd iteration(result).xlsx,56.0
fse2021_an_exploratory_study_of_autopilot:52a14c1822109fcd,fse2021_an_exploratory_study_of_autopilot,PX4,https://github.com/PX4/Firmware/issues/8930,https://github.com/PX4/Firmware/issues/8930,"not clear, need discussion",no_comments_in_source,not_available_in_source,not_available_in_source,not_available_in_source,"not clear, need discussion",initialize,initialize,PX4,,,,,,"{""stage"": ""stage2""}",data/raw_stage1/fse2021_an_exploratory_study_of_autopilot/bugSetAndTaxonomy-3_2.zip,bugTaxonomy/3rd iteration(result).xlsx,57.0
fse2021_an_exploratory_study_of_autopilot:509e9a2dd1df6d3b,fse2021_an_exploratory_study_of_autopilot,PX4,https://github.com/PX4/Firmware/issues/910,https://github.com/PX4/Firmware/issues/910,"not clear, need discussion",no_comments_in_source,not_available_in_source,not_available_in_source,not_available_in_source,"not clear, need discussion",math,math,PX4,,,,,,"{""stage"": ""stage2""}",data/raw_stage1/fse2021_an_exploratory_study_of_autopilot/bugSetAndTaxonomy-3_2.zip,bugTaxonomy/3rd iteration(result).xlsx,58.0
fse2021_an_exploratory_study_of_autopilot:615da24441bf5b00,fse2021_an_exploratory_study_of_autopilot,PX4,https://github.com/PX4/Firmware/issues/9151,https://github.com/PX4/Firmware/issues/9151,Lack px4fmu v2 sensor init (again) and cleanup,no_comments_in_source,not_available_in_source,not_available_in_source,not_available_in_source,Lack px4fmu v2 sensor init (again) and cleanup,hardware,hardware,PX4,,,,,,"{""stage"": ""stage2""}",data/raw_stage1/fse2021_an_exploratory_study_of_autopilot/bugSetAndTaxonomy-3_2.zip,bugTaxonomy/3rd iteration(result).xlsx,59.0
fse2021_an_exploratory_study_of_autopilot:239af4d01b358b40,fse2021_an_exploratory_study_of_autopilot,PX4,https://github.com/PX4/Firmware/issues/9300,https://github.com/PX4/Firmware/issues/9300,"not clear, need discussion",no_comments_in_source,not_available_in_source,not_available_in_source,not_available_in_source,"not clear, need discussion",math,math,PX4,,,,,,"{""stage"": ""stage2""}",data/raw_stage1/fse2021_an_exploratory_study_of_autopilot/bugSetAndTaxonomy-3_2.zip,bugTaxonomy/3rd iteration(result).xlsx,60.0
fse2021_an_exploratory_study_of_autopilot:417c7e20b13dad91,fse2021_an_exploratory_study_of_autopilot,PX4,https://github.com/PX4/Firmware/issues/9444,https://github.com/PX4/Firmware/issues/9444,"not clear, need discussion",no_comments_in_source,not_available_in_source,not_available_in_source,not_available_in_source,"not clear, need discussion",hardware,hardware,PX4,,,,,,"{""stage"": ""stage2""}",data/raw_stage1/fse2021_an_exploratory_study_of_autopilot/bugSetAndTaxonomy-3_2.zip,bugTaxonomy/3rd iteration(result).xlsx,61.0
fse2021_an_exploratory_study_of_autopilot:28a7a401496af61e,fse2021_an_exploratory_study_of_autopilot,PX4,https://github.com/PX4/Firmware/issues/9537,https://github.com/PX4/Firmware/issues/9537,Incorrect RGB led usage (individual status leds),no_comments_in_source,not_available_in_source,not_available_in_source,not_available_in_source,Incorrect RGB led usage (individual status leds),hardware,hardware,PX4,,,,,,"{""stage"": ""stage2""}",data/raw_stage1/fse2021_an_exploratory_study_of_autopilot/bugSetAndTaxonomy-3_2.zip,bugTaxonomy/3rd iteration(result).xlsx,62.0
fse2021_an_exploratory_study_of_autopilot:bc4d0036cf79c201,fse2021_an_exploratory_study_of_autopilot,PX4,https://github.com/PX4/Firmware/issues/9540,https://github.com/PX4/Firmware/issues/9540,"not clear, need discussion",no_comments_in_source,not_available_in_source,not_available_in_source,not_available_in_source,"not clear, need discussion",limit,limit,PX4,,,,,,"{""stage"": ""stage2""}",data/raw_stage1/fse2021_an_exploratory_study_of_autopilot/bugSetAndTaxonomy-3_2.zip,bugTaxonomy/3rd iteration(result).xlsx,63.0
fse2021_an_exploratory_study_of_autopilot:b1bd0a018035a6ab,fse2021_an_exploratory_study_of_autopilot,PX4,https://github.com/PX4/Firmware/issues/9713,https://github.com/PX4/Firmware/issues/9713,Bugs in baro noise simulation,no_comments_in_source,not_available_in_source,not_available_in_source,not_available_in_source,Bugs in baro noise simulation,math,math,PX4,,,,,,"{""stage"": ""stage2""}",data/raw_stage1/fse2021_an_exploratory_study_of_autopilot/bugSetAndTaxonomy-3_2.zip,bugTaxonomy/3rd iteration(result).xlsx,64.0
